起飞机场,降落机场,飞机ID
75,54,3
32,47,3
32,26,3
1,49,3
10,49,3
16,49,3
18,49,3
32,49,3
32,54,3
32,72,3
67,32,3
70,32,3
27,32,3
47,32,3
32,7,3
16,50,3
49,10,3
32,50,3
32,46,3
49,18,3
32,44,3
57,32,3
54,32,3
46,32,3
25,32,3
7,32,3
49,32,3
50,32,3
52,32,3
72,32,3
75,32,3
32,30,3
26,32,3
44,32,3
61,32,3
71,32,3
30,32,3
32,52,3
32,67,3
75,27,3
32,61,3
50,16,3
49,16,3
49,1,3
32,27,3
32,75,3
38,75,3
75,37,3
27,75,3
37,75,3
75,38,3
32,25,3
32,70,3
32,71,3
54,75,3
32,57,3
50,8,7
52,22,7
50,22,7
37,75,7
38,75,7
32,70,7
75,38,7
32,75,7
75,37,7
50,21,7
49,21,7
49,53,7
74,67,7
22,52,7
70,32,7
21,50,7
22,50,7
75,32,7
22,49,7
67,74,7
53,49,7
21,49,7
49,22,7
22,49,10
67,74,10
53,49,10
22,50,10
21,50,10
70,32,10
75,32,10
74,67,10
22,52,10
49,21,10
49,53,10
50,21,10
50,8,10
75,37,10
38,75,10
52,22,10
32,75,10
32,70,10
75,38,10
37,75,10
50,22,10
49,22,10
21,49,10
50,8,16
37,75,16
32,75,16
32,70,16
52,22,16
75,37,16
50,22,16
38,75,16
49,53,16
49,21,16
50,21,16
74,67,16
22,52,16
75,32,16
70,32,16
21,50,16
21,49,16
22,49,16
53,49,16
67,74,16
75,38,16
7,50,26
12,50,26
49,7,26
22,50,26
49,18,26
37,44,26
75,32,26
52,7,26
70,32,26
20,50,26
61,7,26
19,50,26
6,50,26
5,50,26
50,7,26
32,7,26
25,32,26
21,50,26
24,50,26
37,50,26
15,50,26
50,19,26
52,15,26
49,15,26
61,14,26
63,14,26
50,15,26
37,45,26
25,52,26
22,52,26
7,52,26
61,15,26
49,14,26
15,52,26
74,67,26
37,77,26
53,49,26
50,12,26
49,6,26
23,49,26
49,12,26
15,49,26
13,49,26
12,49,26
61,12,26
50,6,26
7,49,26
37,49,26
24,49,26
21,49,26
20,49,26
14,49,26
11,49,26
6,49,26
17,49,26
22,49,26
18,49,26
67,74,26
37,75,26
50,37,26
49,37,26
50,5,26
44,37,26
66,25,26
52,22,26
50,22,26
32,70,26
32,25,26
43,37,26
38,75,26
25,42,26
45,37,26
61,37,26
75,37,26
77,37,26
62,25,26
42,25,26
25,66,26
63,25,26
61,25,26
52,25,26
50,20,26
49,22,26
32,75,26
75,38,26
36,25,26
37,43,26
49,20,26
49,23,26
49,11,26
14,61,26
37,61,26
11,61,26
14,63,26
61,11,26
15,61,26
25,61,26
7,61,26
49,13,26
12,61,26
49,21,26
49,53,26
25,62,26
49,17,26
25,63,26
25,36,26
50,21,26
49,24,26
50,24,26
7,32,26
49,53,29
14,63,29
49,11,29
49,17,29
49,24,29
25,36,29
50,24,29
25,61,29
25,62,29
50,21,29
7,61,29
49,23,29
49,13,29
25,63,29
11,61,29
37,61,29
49,21,29
15,61,29
61,11,29
14,61,29
63,25,29
37,75,29
52,25,29
32,70,29
25,66,29
37,43,29
25,42,29
75,38,29
49,20,29
52,22,29
38,75,29
75,37,29
61,25,29
49,22,29
36,25,29
32,75,29
62,25,29
66,25,29
50,5,29
50,37,29
49,37,29
44,37,29
49,25,29
32,25,29
50,22,29
43,37,29
45,37,29
61,37,29
77,37,29
42,25,29
50,20,29
49,6,29
50,6,29
49,12,29
50,12,29
61,12,29
6,49,29
17,49,29
18,49,29
20,49,29
22,49,29
11,49,29
14,49,29
21,49,29
24,49,29
37,49,29
7,49,29
12,49,29
13,49,29
15,49,29
23,49,29
53,49,29
67,74,29
37,45,29
63,14,29
37,77,29
49,14,29
61,14,29
74,67,29
61,15,29
22,52,29
50,15,29
25,52,29
52,15,29
15,52,29
49,15,29
7,52,29
25,32,29
52,7,29
49,7,29
61,7,29
32,7,29
50,7,29
49,18,29
50,19,29
70,32,29
75,32,29
7,32,29
37,44,29
12,50,29
7,50,29
15,50,29
37,50,29
24,50,29
21,50,29
5,50,29
6,50,29
19,50,29
20,50,29
22,50,29
12,61,29
75,32,33
50,19,33
52,7,33
50,7,33
49,7,33
20,50,33
61,7,33
19,50,33
6,50,33
78,50,33
32,7,33
21,50,33
24,50,33
37,50,33
5,50,33
36,50,33
15,50,33
7,50,33
22,50,33
12,50,33
49,18,33
37,44,33
25,32,33
78,60,33
61,15,33
55,77,33
57,77,33
78,58,33
60,77,33
78,52,33
49,15,33
22,52,33
54,77,33
64,77,33
65,77,33
26,77,33
7,52,33
50,15,33
52,77,33
77,52,33
36,52,33
37,77,33
25,52,33
36,4,33
27,77,33
37,45,33
52,15,33
63,14,33
61,14,33
36,67,33
15,52,33
49,14,33
77,60,33
50,12,33
77,26,33
36,49,33
14,49,33
25,49,33
23,49,33
11,49,33
15,49,33
22,49,33
78,49,33
77,64,33
78,57,33
37,49,33
13,49,33
12,49,33
77,57,33
6,49,33
77,55,33
50,6,33
49,12,33
78,54,33
20,49,33
24,49,33
18,49,33
17,49,33
77,54,33
7,49,33
21,49,33
49,6,33
61,12,33
50,37,33
50,5,33
49,20,33
50,20,33
52,22,33
49,22,33
50,22,33
42,25,33
52,25,33
49,25,33
62,25,33
61,25,33
36,25,33
66,25,33
32,25,33
63,25,33
77,37,33
61,37,33
45,37,33
43,37,33
44,37,33
49,37,33
75,37,33
75,38,33
25,42,33
37,43,33
78,59,33
77,65,33
25,66,33
32,75,33
37,75,33
38,75,33
50,36,33
49,11,33
61,11,33
49,13,33
49,17,33
50,21,33
49,21,33
49,23,33
49,24,33
50,24,33
36,27,33
77,27,33
27,36,33
67,36,33
4,36,33
25,36,33
52,36,33
62,36,33
49,36,33
7,61,33
25,61,33
15,61,33
12,61,33
11,61,33
37,61,33
14,61,33
25,62,33
36,62,33
25,63,33
14,63,33
58,78,33
60,78,33
54,78,33
57,78,33
52,78,33
59,78,33
49,78,33
50,78,33
7,32,33
50,21,34
49,17,34
61,11,34
49,53,34
49,13,34
12,61,34
49,21,34
15,61,34
14,63,34
11,61,34
14,61,34
32,75,34
75,38,34
32,70,34
50,20,34
49,20,34
37,75,34
52,22,34
50,22,34
38,75,34
75,37,34
49,22,34
12,49,34
61,12,34
21,49,34
14,49,34
11,49,34
49,12,34
20,49,34
18,49,34
53,49,34
50,12,34
17,49,34
15,49,34
22,49,34
67,74,34
13,49,34
50,15,34
63,14,34
61,14,34
74,67,34
61,15,34
52,15,34
49,14,34
15,52,34
49,15,34
22,52,34
21,50,34
50,19,34
15,50,34
49,18,34
70,32,34
32,7,34
20,50,34
75,32,34
12,50,34
19,50,34
22,50,34
49,11,34
61,31,43
52,31,43
75,32,43
50,31,43
25,32,43
31,50,43
49,18,43
36,50,43
25,50,43
62,50,43
78,50,43
20,50,43
22,50,43
36,4,43
25,52,43
36,52,43
77,52,43
22,52,43
31,52,43
78,52,43
78,58,43
78,60,43
77,60,43
36,67,43
57,77,43
60,77,43
54,77,43
64,77,43
65,77,43
52,77,43
26,77,43
37,77,43
27,77,43
55,77,43
78,49,43
18,49,43
77,64,43
78,57,43
77,57,43
77,55,43
78,54,43
20,49,43
77,54,43
36,49,43
25,49,43
22,49,43
62,49,43
77,26,43
52,22,43
36,25,43
66,25,43
50,25,43
49,25,43
32,25,43
50,20,43
37,75,43
50,22,43
52,25,43
42,25,43
49,20,43
61,25,43
49,22,43
32,75,43
63,25,43
75,37,43
62,25,43
25,66,43
77,65,43
78,59,43
61,59,43
25,42,43
77,37,43
38,75,43
75,38,43
31,61,43
59,78,43
59,61,43
36,27,43
52,78,43
77,27,43
25,63,43
27,36,43
50,62,43
36,62,43
49,78,43
67,36,43
25,62,43
61,62,43
4,36,43
50,78,43
25,36,43
52,36,43
60,78,43
62,36,43
57,78,43
49,36,43
58,78,43
50,36,43
31,27,43
54,78,43
62,61,43
25,61,43
27,31,43
61,11,50
14,61,50
49,53,50
15,61,50
12,61,50
49,17,50
49,21,50
49,11,50
50,21,50
49,13,50
11,61,50
52,22,50
49,22,50
49,20,50
75,37,50
50,20,50
32,75,50
32,70,50
38,75,50
75,38,50
37,75,50
50,22,50
50,8,50
17,49,50
18,49,50
20,49,50
22,49,50
11,49,50
14,49,50
21,49,50
61,12,50
12,49,50
13,49,50
15,49,50
50,12,50
53,49,50
49,12,50
67,74,50
61,14,50
63,14,50
61,15,50
49,14,50
15,52,50
22,52,50
50,15,50
49,15,50
52,15,50
74,67,50
21,50,50
19,50,50
32,7,50
20,50,50
50,19,50
22,50,50
12,50,50
75,32,50
49,18,50
15,50,50
70,32,50
14,63,50
50,19,56
21,50,56
19,50,56
15,50,56
32,7,56
70,32,56
20,50,56
75,32,56
12,50,56
22,50,56
74,67,56
61,15,56
52,15,56
63,14,56
49,14,56
50,15,56
15,52,56
49,15,56
61,14,56
22,52,56
11,49,56
67,74,56
18,49,56
12,49,56
17,49,56
50,12,56
20,49,56
61,12,56
14,49,56
15,49,56
49,12,56
53,49,56
13,49,56
22,49,56
21,49,56
38,75,56
50,20,56
32,70,56
50,22,56
49,20,56
37,75,56
75,37,56
32,75,56
52,22,56
49,22,56
75,38,56
12,61,56
61,11,56
11,61,56
15,61,56
49,21,56
49,53,56
50,21,56
49,13,56
49,11,56
14,63,56
49,17,56
14,61,56
49,18,56
14,63,58
49,53,58
49,17,58
49,13,58
12,61,58
15,61,58
11,61,58
61,11,58
14,61,58
49,11,58
50,21,58
49,22,58
52,22,58
75,37,58
50,20,58
38,75,58
32,70,58
37,75,58
75,38,58
50,22,58
49,20,58
32,75,58
14,49,58
12,49,58
67,74,58
49,12,58
18,49,58
20,49,58
17,49,58
53,49,58
21,49,58
61,12,58
11,49,58
50,12,58
15,49,58
13,49,58
22,49,58
49,15,58
61,15,58
49,14,58
61,14,58
52,15,58
74,67,58
22,52,58
63,14,58
50,15,58
15,52,58
12,50,58
75,32,58
70,32,58
50,19,58
32,7,58
20,50,58
19,50,58
49,18,58
15,50,58
22,50,58
21,50,58
49,21,58
19,50,63
49,18,63
50,19,63
22,50,63
75,32,63
12,50,63
70,32,63
21,50,63
15,50,63
32,7,63
15,52,63
50,15,63
49,14,63
49,15,63
22,52,63
63,14,63
61,15,63
61,14,63
74,67,63
52,15,63
14,49,63
18,49,63
21,49,63
22,49,63
12,49,63
13,49,63
50,12,63
67,74,63
15,49,63
11,49,63
20,49,63
17,49,63
53,49,63
49,12,63
61,12,63
38,75,63
49,22,63
75,37,63
52,22,63
75,38,63
50,22,63
32,70,63
50,20,63
32,75,63
49,20,63
37,75,63
49,17,63
50,21,63
49,53,63
14,63,63
49,11,63
11,61,63
49,21,63
14,61,63
61,11,63
49,13,63
12,61,63
15,61,63
20,50,63
12,61,67
49,17,67
49,53,67
15,61,67
49,21,67
50,36,67
49,36,67
59,78,67
61,11,67
62,36,67
52,36,67
25,36,67
4,36,67
11,61,67
14,61,67
61,62,67
49,11,67
67,36,67
25,62,67
36,62,67
27,36,67
50,62,67
14,63,67
25,63,67
31,27,67
50,21,67
36,27,67
49,13,67
59,61,67
31,61,67
62,61,67
32,70,67
50,20,67
63,25,67
61,25,67
32,25,67
75,37,67
37,75,67
52,22,67
50,22,67
42,25,67
50,8,67
50,25,67
25,42,67
61,59,67
36,25,67
49,20,67
78,59,67
52,25,67
32,75,67
49,25,67
49,22,67
25,66,67
66,25,67
62,25,67
25,49,67
15,49,67
61,12,67
11,49,67
53,49,67
31,49,67
12,49,67
20,49,67
13,49,67
22,49,67
50,12,67
49,12,67
67,74,67
36,49,67
21,49,67
17,49,67
14,49,67
18,49,67
50,15,67
61,15,67
63,14,67
36,4,67
61,14,67
74,67,67
22,52,67
49,14,67
49,15,67
36,67,67
36,52,67
25,52,67
52,15,67
15,52,67
31,52,67
32,7,67
12,50,67
50,19,67
31,50,67
49,18,67
20,50,67
36,50,67
49,31,67
25,32,67
22,50,67
25,50,67
52,31,67
70,32,67
21,50,67
75,32,67
62,50,67
61,31,67
15,50,67
27,31,67
19,50,67
50,31,67
25,61,67
32,7,73
50,19,73
12,50,73
70,32,73
49,18,73
21,50,73
20,50,73
75,32,73
15,50,73
19,50,73
61,14,73
49,15,73
52,15,73
22,52,73
15,52,73
49,14,73
74,67,73
61,15,73
63,14,73
50,15,73
12,49,73
11,49,73
13,49,73
15,49,73
21,49,73
67,74,73
20,49,73
49,12,73
18,49,73
53,49,73
14,49,73
61,12,73
50,12,73
22,49,73
17,49,73
37,75,73
50,20,73
75,38,73
32,75,73
32,70,73
75,37,73
38,75,73
50,22,73
50,8,73
49,22,73
49,20,73
52,22,73
12,61,73
49,13,73
11,61,73
49,17,73
14,63,73
49,53,73
49,11,73
49,21,73
50,21,73
61,11,73
15,61,73
14,61,73
22,50,73
50,27,91
52,78,91
76,27,91
49,78,91
46,27,91
57,78,91
27,36,91
31,27,91
75,27,91
59,78,91
54,78,91
36,27,91
49,53,91
49,21,91
58,78,91
38,27,91
49,27,91
60,78,91
32,27,91
77,27,91
50,78,91
67,27,91
75,38,91
50,8,91
27,75,91
78,59,91
27,38,91
32,70,91
38,75,91
75,37,91
50,22,91
50,20,91
52,22,91
32,75,91
49,20,91
49,22,91
37,75,91
78,54,91
27,49,91
53,49,91
22,49,91
21,49,91
78,57,91
67,74,91
78,49,91
18,49,91
20,49,91
27,52,91
22,52,91
74,67,91
78,52,91
78,58,91
27,77,91
78,60,91
27,67,91
78,50,91
27,32,91
22,50,91
27,50,91
75,32,91
27,31,91
20,50,91
27,46,91
49,18,91
27,76,91
70,32,91
52,27,91
22,50,103
20,50,103
70,32,103
21,50,103
49,18,103
74,67,103
22,52,103
20,49,103
18,49,103
67,74,103
53,49,103
21,49,103
22,49,103
49,22,103
37,75,103
75,37,103
52,22,103
32,70,103
49,20,103
50,22,103
75,38,103
50,8,103
38,75,103
50,20,103
32,75,103
49,21,103
49,53,103
50,21,103
75,32,103
49,53,116
50,8,116
37,75,116
49,22,116
50,22,116
75,37,116
38,75,116
32,75,116
32,70,116
75,38,116
52,22,116
67,74,116
53,49,116
21,49,116
22,49,116
74,67,116
22,52,116
70,32,116
22,50,116
75,32,116
49,21,116
49,18,123
75,32,123
8,50,123
74,67,123
53,49,123
67,74,123
32,70,123
75,37,123
32,75,123
50,8,123
75,38,123
38,75,123
37,75,123
49,53,123
70,32,123
32,61,129
49,53,129
75,38,129
50,8,129
32,71,129
37,75,129
48,38,129
45,37,129
44,38,129
44,37,129
32,25,129
32,75,129
75,37,129
45,38,129
32,70,129
38,75,129
38,48,129
53,49,129
67,74,129
35,48,129
50,48,129
32,57,129
32,54,129
32,26,129
48,49,129
44,57,129
32,47,129
68,47,129
32,49,129
47,68,129
49,48,129
37,45,129
46,45,129
32,67,129
44,52,129
38,45,129
48,35,129
74,67,129
7,32,129
67,32,129
8,50,129
48,50,129
47,32,129
27,32,129
44,32,129
32,46,129
32,7,129
45,46,129
49,32,129
37,44,129
61,32,129
38,44,129
52,44,129
32,50,129
50,32,129
57,44,129
26,32,129
30,32,129
32,44,129
25,32,129
70,32,129
71,32,129
75,32,129
46,32,129
32,30,129
57,32,129
54,32,129
49,18,129
32,27,129
72,32,134
52,32,134
49,32,134
22,50,134
7,32,134
25,32,134
46,32,134
54,32,134
57,32,134
49,18,134
32,44,134
57,44,134
38,44,134
52,44,134
37,44,134
45,46,134
32,46,134
8,50,134
47,32,134
32,50,134
61,32,134
48,50,134
21,50,134
32,7,134
71,32,134
30,32,134
67,32,134
70,32,134
27,32,134
75,32,134
44,32,134
26,32,134
38,45,134
44,52,134
48,35,134
37,45,134
32,67,134
74,67,134
46,45,134
22,52,134
32,52,134
48,49,134
35,48,134
21,49,134
22,49,134
67,74,134
32,49,134
53,49,134
32,54,134
68,47,134
32,47,134
32,57,134
44,57,134
47,68,134
32,72,134
49,48,134
38,48,134
50,48,134
44,38,134
48,38,134
45,38,134
52,22,134
75,37,134
38,75,134
32,70,134
32,71,134
50,8,134
50,22,134
32,75,134
45,37,134
44,37,134
37,75,134
49,22,134
32,25,134
75,38,134
32,27,134
49,53,134
32,61,134
49,21,134
50,21,134
32,30,134
49,21,139
32,61,139
49,53,139
32,27,139
32,25,139
45,37,139
75,37,139
49,22,139
44,37,139
50,22,139
48,38,139
44,38,139
75,38,139
50,8,139
45,38,139
38,75,139
52,22,139
32,70,139
32,71,139
32,75,139
37,75,139
32,57,139
49,48,139
35,48,139
50,48,139
48,49,139
32,54,139
53,49,139
68,47,139
32,49,139
32,47,139
67,74,139
38,48,139
32,26,139
22,49,139
47,68,139
44,57,139
21,49,139
44,52,139
32,67,139
38,45,139
37,45,139
48,35,139
22,52,139
46,45,139
74,67,139
32,7,139
48,50,139
70,32,139
61,32,139
32,50,139
27,32,139
8,50,139
32,30,139
32,46,139
45,46,139
22,50,139
49,18,139
37,44,139
38,44,139
52,44,139
32,44,139
57,44,139
47,32,139
57,32,139
54,32,139
46,32,139
25,32,139
50,32,139
75,32,139
7,32,139
49,32,139
26,32,139
44,32,139
67,32,139
30,32,139
71,32,139
21,50,139
50,21,139
32,75,8
75,38,8
50,22,8
52,22,8
37,75,8
32,70,8
50,8,8
75,37,8
49,53,8
50,21,8
49,21,8
21,49,8
67,74,8
53,49,8
75,32,8
70,32,8
21,50,8
22,50,8
22,52,8
74,67,8
38,75,8
22,52,11
22,50,11
75,32,11
70,32,11
21,50,11
53,49,11
22,49,11
67,74,11
50,21,11
49,53,11
49,22,11
52,22,11
75,38,11
75,37,11
38,75,11
37,75,11
50,8,11
32,75,11
50,22,11
32,70,11
74,67,11
50,19,35
12,50,35
15,50,35
32,7,35
75,32,35
49,18,35
22,50,35
70,32,35
21,50,35
19,50,35
15,52,35
52,15,35
49,14,35
63,14,35
22,52,35
50,15,35
49,15,35
61,15,35
61,14,35
74,67,35
75,37,35
38,75,35
75,38,35
32,75,35
52,22,35
50,22,35
49,22,35
37,75,35
50,20,35
32,70,35
49,20,35
14,63,35
49,21,35
49,17,35
50,21,35
15,61,35
12,61,35
11,61,35
49,53,35
61,11,35
14,61,35
49,13,35
49,11,35
12,49,35
61,12,35
20,49,35
49,12,35
22,49,35
50,12,35
18,49,35
21,49,35
17,49,35
53,49,35
11,49,35
13,49,35
15,49,35
14,49,35
67,74,35
20,50,35
11,49,36
20,49,36
67,74,36
61,12,36
22,49,36
53,49,36
25,49,36
15,49,36
13,49,36
12,49,36
21,49,36
17,49,36
49,12,36
18,49,36
14,49,36
49,11,36
25,63,36
49,53,36
49,13,36
25,61,36
49,21,36
14,63,36
14,61,36
50,21,36
49,17,36
25,36,36
61,11,36
15,61,36
25,62,36
12,61,36
11,61,36
61,25,36
38,75,36
50,20,36
63,25,36
49,20,36
25,66,36
32,25,36
66,25,36
36,25,36
75,38,36
37,75,36
25,42,36
62,25,36
50,25,36
49,25,36
52,25,36
42,25,36
50,22,36
32,75,36
49,22,36
52,22,36
32,70,36
50,8,36
75,37,36
61,14,36
63,14,36
74,67,36
22,52,36
25,52,36
15,52,36
52,15,36
49,14,36
50,15,36
49,15,36
61,15,36
25,32,36
21,50,36
12,50,36
20,50,36
50,19,36
22,50,36
19,50,36
25,50,36
32,7,36
75,32,36
15,50,36
70,32,36
49,18,36
50,12,36
78,50,44
49,18,44
22,50,44
20,50,44
49,31,44
52,31,44
61,31,44
25,50,44
75,32,44
36,50,44
25,32,44
36,4,44
25,52,44
36,52,44
77,52,44
22,52,44
31,52,44
78,52,44
78,58,44
78,60,44
77,60,44
36,67,44
57,77,44
60,77,44
54,77,44
64,77,44
65,77,44
26,77,44
52,77,44
37,77,44
27,77,44
55,77,44
75,37,44
38,75,44
50,20,44
49,20,44
37,75,44
52,22,44
32,75,44
49,22,44
50,22,44
42,25,44
52,25,44
49,25,44
50,25,44
62,25,44
61,25,44
36,25,44
66,25,44
32,25,44
25,66,44
77,65,44
78,59,44
63,25,44
77,37,44
61,59,44
25,42,44
75,38,44
25,36,44
52,36,44
62,36,44
49,36,44
50,36,44
25,61,44
59,61,44
31,61,44
62,61,44
52,78,44
49,78,44
50,78,44
57,78,44
54,78,44
58,78,44
60,78,44
25,63,44
49,62,44
36,62,44
25,62,44
61,62,44
59,78,44
31,27,44
36,27,44
77,27,44
27,36,44
67,36,44
4,36,44
36,49,44
25,49,44
77,57,44
77,26,44
77,55,44
78,54,44
77,54,44
20,49,44
18,49,44
78,57,44
62,49,44
78,49,44
22,49,44
77,64,44
31,49,44
27,31,44
18,49,51
20,49,51
67,74,51
13,49,51
61,12,51
17,49,51
12,49,51
11,49,51
14,49,51
22,49,51
15,49,51
21,49,51
53,49,51
50,12,51
14,63,51
49,17,51
49,13,51
50,21,51
14,61,51
49,53,51
11,61,51
15,61,51
61,11,51
49,11,51
49,21,51
12,61,51
38,75,51
75,38,51
75,37,51
49,20,51
32,75,51
32,70,51
37,75,51
49,22,51
50,20,51
52,22,51
50,22,51
50,8,51
15,52,51
49,14,51
22,52,51
61,15,51
61,14,51
74,67,51
50,15,51
52,15,51
49,15,51
63,14,51
50,19,51
19,50,51
49,18,51
12,50,51
32,7,51
22,50,51
15,50,51
70,32,51
21,50,51
75,32,51
20,50,51
49,12,51
19,50,57
20,50,57
75,32,57
21,50,57
22,50,57
70,32,57
15,50,57
32,7,57
50,19,57
49,18,57
74,67,57
49,15,57
63,14,57
22,52,57
49,14,57
61,15,57
15,52,57
50,15,57
52,15,57
61,14,57
38,75,57
50,22,57
49,20,57
75,37,57
32,70,57
75,38,57
32,75,57
52,22,57
49,22,57
50,20,57
37,75,57
49,21,57
12,61,57
14,61,57
15,61,57
14,63,57
49,53,57
49,13,57
11,61,57
61,11,57
49,17,57
50,21,57
49,11,57
11,49,57
50,12,57
15,49,57
22,49,57
13,49,57
18,49,57
12,49,57
49,12,57
21,49,57
14,49,57
17,49,57
67,74,57
20,49,57
61,12,57
53,49,57
12,50,57
49,12,59
67,74,59
50,12,59
61,12,59
53,49,59
15,49,59
22,49,59
12,49,59
21,49,59
17,49,59
14,49,59
18,49,59
11,49,59
20,49,59
61,11,59
49,53,59
49,17,59
14,63,59
49,13,59
49,11,59
15,61,59
14,61,59
12,61,59
50,21,59
11,61,59
49,21,59
32,75,59
50,22,59
37,75,59
75,37,59
75,38,59
49,20,59
50,20,59
38,75,59
52,22,59
49,22,59
32,70,59
63,14,59
74,67,59
49,15,59
61,15,59
61,14,59
49,14,59
52,15,59
15,52,59
22,52,59
50,15,59
21,50,59
70,32,59
50,19,59
75,32,59
15,50,59
12,50,59
32,7,59
19,50,59
20,50,59
49,18,59
22,50,59
13,49,59
15,49,68
50,12,68
17,49,68
20,49,68
13,49,68
49,12,68
12,49,68
14,49,68
21,49,68
11,49,68
61,12,68
18,49,68
22,49,68
53,49,68
15,61,68
14,61,68
14,63,68
49,13,68
50,21,68
49,21,68
11,61,68
61,11,68
49,11,68
49,53,68
49,17,68
12,61,68
50,22,68
50,8,68
49,20,68
32,70,68
32,75,68
49,22,68
50,20,68
52,22,68
49,15,68
61,15,68
61,14,68
74,67,68
52,15,68
50,15,68
63,14,68
49,14,68
15,52,68
22,52,68
75,32,68
15,50,68
22,50,68
19,50,68
32,7,68
50,19,68
70,32,68
12,50,68
20,50,68
49,18,68
21,50,68
67,74,68
50,7,77
49,7,77
61,7,77
32,7,77
49,9,77
50,9,77
49,10,77
49,18,77
50,19,77
70,32,77
75,32,77
7,32,77
8,50,77
7,50,77
36,50,77
60,50,77
15,50,77
16,50,77
12,50,77
24,50,77
21,50,77
5,50,77
6,50,77
9,50,77
19,50,77
20,50,77
22,50,77
78,50,77
3,50,77
56,76,77
52,7,77
78,52,77
76,56,77
52,60,77
78,58,77
65,77,77
50,15,77
52,15,77
49,15,77
61,14,77
61,15,77
7,52,77
15,52,77
49,14,77
27,77,77
57,77,77
26,77,77
60,77,77
36,52,77
60,52,77
76,52,77
36,67,77
36,4,77
54,77,77
77,52,77
79,52,77
37,77,77
22,52,77
74,67,77
63,14,77
55,77,77
49,60,77
77,60,77
52,77,77
50,60,77
64,77,77
78,60,77
50,5,77
49,8,77
50,8,77
49,20,77
50,20,77
50,22,77
52,22,77
49,22,77
66,25,77
36,25,77
77,37,77
75,37,77
75,38,77
78,59,77
77,65,77
49,65,77
25,66,77
32,70,77
32,75,77
37,75,77
38,75,77
52,79,77
49,79,77
57,78,77
50,3,77
49,11,77
61,11,77
49,13,77
49,16,77
50,16,77
49,17,77
49,21,77
50,21,77
49,23,77
49,24,77
50,24,77
36,27,77
77,27,77
27,36,77
67,36,77
4,36,77
25,36,77
52,36,77
49,36,77
50,36,77
62,36,77
49,53,77
7,61,77
12,61,77
15,61,77
14,61,77
11,61,77
36,62,77
14,63,77
60,78,77
58,78,77
54,78,77
50,78,77
49,78,77
52,78,77
59,78,77
49,1,77
15,49,77
13,49,77
67,74,77
42,49,77
49,6,77
49,12,77
20,49,77
78,49,77
22,49,77
50,12,77
77,64,77
61,12,77
78,57,77
11,49,77
18,49,77
50,6,77
14,49,77
17,49,77
9,49,77
6,49,77
1,49,77
77,57,77
21,49,77
77,55,77
77,26,77
78,54,77
77,54,77
79,49,77
60,49,77
24,49,77
53,49,77
65,49,77
7,49,77
8,49,77
10,49,77
36,49,77
23,49,77
16,49,77
12,49,77
52,76,77
12,49,80
22,49,80
50,12,80
15,49,80
20,49,80
49,12,80
18,49,80
13,49,80
11,49,80
17,49,80
21,49,80
61,12,80
67,74,80
14,49,80
79,49,80
50,21,80
49,53,80
11,61,80
49,11,80
14,61,80
49,21,80
61,11,80
12,61,80
14,63,80
15,61,80
49,13,80
49,17,80
38,75,80
37,75,80
49,20,80
32,75,80
75,37,80
75,38,80
32,70,80
49,22,80
50,22,80
50,20,80
52,22,80
49,14,80
50,15,80
52,15,80
15,52,80
22,52,80
74,67,80
63,14,80
61,14,80
61,15,80
49,15,80
50,19,80
21,50,80
19,50,80
12,50,80
15,50,80
32,7,80
22,50,80
70,32,80
75,32,80
20,50,80
49,18,80
53,49,80
27,76,89
27,31,89
78,50,89
49,18,89
20,50,89
27,46,89
75,32,89
22,50,89
27,50,89
21,50,89
27,32,89
78,60,89
22,52,89
74,67,89
27,52,89
27,67,89
27,77,89
78,58,89
50,60,89
50,8,89
27,75,89
52,22,89
50,22,89
50,20,89
75,37,89
37,75,89
75,38,89
49,20,89
78,59,89
32,70,89
32,75,89
38,75,89
49,22,89
27,36,89
77,27,89
67,27,89
46,27,89
76,27,89
32,27,89
49,78,89
75,27,89
52,27,89
50,27,89
59,78,89
38,27,89
31,27,89
50,21,89
57,78,89
60,78,89
58,78,89
49,21,89
54,78,89
49,53,89
50,78,89
22,49,89
20,49,89
78,49,89
18,49,89
21,49,89
53,49,89
78,54,89
78,57,89
67,74,89
70,32,89
78,54,92
67,74,92
78,57,92
78,49,92
27,49,92
22,49,92
21,49,92
18,49,92
20,49,92
46,27,92
31,27,92
36,27,92
50,21,92
67,27,92
77,27,92
57,78,92
59,78,92
49,21,92
52,78,92
50,78,92
58,78,92
27,36,92
49,53,92
54,78,92
32,27,92
49,78,92
76,27,92
75,27,92
52,27,92
50,27,92
49,27,92
38,27,92
75,38,92
27,38,92
49,20,92
75,37,92
27,75,92
50,8,92
49,22,92
78,59,92
50,20,92
32,75,92
52,22,92
32,70,92
50,22,92
38,75,92
37,75,92
27,52,92
78,52,92
22,52,92
27,77,92
27,67,92
78,58,92
74,67,92
27,32,92
75,32,92
78,50,92
21,50,92
49,18,92
20,50,92
27,31,92
70,32,92
27,50,92
50,9,92
22,50,92
27,76,92
27,46,92
53,49,92
70,32,104
21,50,104
20,50,104
22,52,104
74,67,104
32,70,104
50,20,104
50,22,104
49,20,104
37,75,104
75,38,104
38,75,104
50,8,104
52,22,104
75,37,104
49,53,104
50,21,104
49,21,104
20,49,104
22,49,104
18,49,104
21,49,104
67,74,104
53,49,104
49,18,104
20,49,108
67,74,108
49,53,108
50,20,108
75,37,108
32,75,108
32,70,108
75,38,108
37,75,108
38,75,108
49,20,108
74,67,108
75,32,108
20,50,108
70,32,108
49,18,108
53,49,108
21,50,111
75,32,111
22,50,111
22,52,111
74,67,111
49,22,111
75,38,111
32,75,111
75,37,111
50,8,111
38,75,111
50,22,111
32,70,111
52,22,111
37,75,111
50,21,111
49,53,111
49,21,111
53,49,111
21,49,111
67,74,111
22,49,111
70,32,111
22,49,117
53,49,117
21,49,117
49,53,117
49,21,117
50,21,117
37,75,117
50,8,117
75,38,117
32,70,117
49,22,117
38,75,117
75,37,117
32,75,117
52,22,117
50,22,117
74,67,117
22,52,117
70,32,117
21,50,117
22,50,117
75,32,117
67,74,117
8,50,119
75,32,119
49,18,119
22,50,119
70,32,119
74,67,119
22,52,119
38,75,119
32,70,119
32,75,119
52,22,119
50,8,119
50,22,119
37,75,119
75,38,119
75,37,119
49,22,119
49,53,119
49,21,119
50,21,119
67,74,119
22,49,119
21,49,119
53,49,119
21,50,119
44,57,130
38,48,130
68,47,130
53,49,130
50,48,130
49,48,130
32,72,130
35,48,130
32,54,130
32,49,130
48,49,130
67,74,130
47,68,130
32,57,130
32,26,130
32,61,130
32,27,130
49,53,130
44,38,130
37,75,130
45,37,130
44,37,130
45,38,130
32,71,130
38,75,130
32,25,130
75,38,130
75,37,130
32,70,130
32,75,130
50,8,130
48,38,130
74,67,130
38,45,130
37,45,130
48,35,130
44,52,130
46,45,130
32,52,130
32,67,130
61,32,130
32,44,130
50,32,130
57,44,130
49,32,130
52,44,130
38,44,130
37,44,130
72,32,130
57,32,130
45,46,130
32,46,130
71,32,130
7,32,130
8,50,130
54,32,130
32,50,130
32,7,130
30,32,130
67,32,130
26,32,130
52,32,130
47,32,130
27,32,130
48,50,130
46,32,130
49,18,130
25,32,130
70,32,130
32,30,130
44,32,130
75,32,130
32,47,130
50,32,135
32,30,135
67,32,135
52,44,135
57,44,135
38,44,135
44,32,135
32,44,135
37,44,135
49,18,135
27,32,135
47,32,135
52,32,135
71,32,135
26,32,135
32,46,135
54,32,135
49,32,135
32,7,135
7,32,135
8,50,135
57,32,135
45,46,135
46,32,135
61,32,135
30,32,135
25,32,135
75,32,135
70,32,135
32,50,135
48,50,135
32,67,135
38,45,135
74,67,135
32,52,135
46,45,135
48,35,135
37,45,135
44,52,135
48,38,135
44,38,135
75,38,135
44,37,135
45,38,135
45,37,135
38,75,135
32,25,135
32,70,135
32,71,135
32,75,135
37,75,135
50,8,135
75,37,135
49,53,135
32,61,135
32,27,135
32,49,135
32,72,135
47,68,135
49,48,135
38,48,135
53,49,135
50,48,135
48,49,135
32,26,135
44,57,135
32,54,135
67,74,135
32,47,135
35,48,135
68,47,135
32,57,135
72,32,135
49,48,137
68,47,137
32,49,137
35,48,137
32,47,137
53,49,137
21,49,137
32,54,137
32,26,137
38,48,137
32,57,137
44,57,137
47,68,137
32,72,137
18,49,137
48,49,137
22,49,137
67,74,137
49,21,137
49,53,137
32,61,137
32,27,137
50,21,137
37,75,137
52,22,137
32,75,137
32,71,137
50,22,137
49,22,137
32,70,137
38,75,137
32,25,137
45,37,137
50,8,137
45,38,137
44,37,137
48,38,137
75,37,137
75,38,137
44,38,137
46,45,137
32,52,137
48,35,137
37,45,137
74,67,137
44,52,137
32,67,137
22,52,137
38,45,137
47,32,137
72,32,137
52,32,137
50,32,137
49,32,137
61,32,137
7,32,137
70,32,137
25,32,137
46,32,137
54,32,137
57,32,137
57,44,137
32,44,137
38,44,137
52,44,137
37,44,137
45,46,137
32,46,137
71,32,137
30,32,137
8,50,137
32,50,137
67,32,137
27,32,137
22,50,137
21,50,137
48,50,137
32,30,137
49,18,137
32,7,137
75,32,137
44,32,137
26,32,137
50,48,137
49,18,140
27,32,140
67,32,140
32,50,140
8,50,140
7,32,140
30,32,140
47,32,140
71,32,140
70,32,140
45,46,140
37,44,140
52,44,140
38,44,140
32,44,140
57,44,140
57,32,140
54,32,140
50,32,140
75,32,140
25,32,140
61,32,140
26,32,140
32,30,140
32,7,140
48,50,140
21,50,140
44,32,140
46,45,140
32,67,140
37,45,140
48,35,140
44,52,140
38,45,140
22,52,140
74,67,140
45,37,140
48,38,140
32,75,140
75,37,140
50,22,140
50,8,140
32,71,140
75,38,140
45,38,140
32,70,140
37,75,140
49,22,140
44,37,140
38,75,140
52,22,140
32,25,140
44,38,140
50,21,140
32,61,140
49,53,140
32,27,140
49,21,140
47,68,140
50,48,140
44,57,140
32,57,140
32,26,140
32,54,140
53,49,140
21,49,140
38,48,140
35,48,140
32,47,140
68,47,140
49,48,140
67,74,140
48,49,140
22,49,140
22,50,140
74,67,9
49,21,9
49,53,9
50,21,9
32,70,9
52,22,9
32,75,9
75,38,9
75,37,9
37,75,9
50,22,9
38,75,9
49,22,9
50,8,9
21,49,9
67,74,9
22,49,9
53,49,9
22,50,9
75,32,9
21,50,9
70,32,9
22,52,9
75,32,12
21,50,12
70,32,12
67,74,12
21,49,12
22,49,12
53,49,12
32,70,12
50,8,12
52,22,12
49,22,12
50,22,12
37,75,12
75,37,12
38,75,12
75,38,12
32,75,12
50,21,12
49,53,12
74,67,12
22,52,12
22,50,12
38,75,37
75,38,37
32,75,37
32,70,37
49,20,37
50,22,37
50,20,37
75,37,37
52,22,37
37,75,37
50,8,37
50,21,37
49,13,37
14,61,37
11,61,37
12,61,37
15,61,37
49,11,37
49,53,37
49,21,37
14,63,37
61,11,37
49,17,37
74,67,37
63,14,37
61,14,37
61,15,37
49,15,37
50,15,37
52,15,37
15,52,37
22,52,37
49,14,37
12,50,37
49,18,37
50,19,37
32,7,37
22,50,37
70,32,37
20,50,37
19,50,37
21,50,37
75,32,37
15,50,37
20,49,37
22,49,37
50,12,37
14,49,37
11,49,37
49,12,37
61,12,37
12,49,37
67,74,37
17,49,37
13,49,37
18,49,37
21,49,37
15,49,37
53,49,37
49,22,37
49,12,40
21,49,40
15,49,40
77,64,40
77,57,40
78,57,40
77,55,40
78,54,40
20,49,40
17,49,40
77,54,40
13,49,40
14,49,40
11,49,40
18,49,40
36,49,40
22,49,40
61,12,40
50,12,40
78,49,40
77,26,40
15,50,40
22,50,40
36,50,40
75,32,40
19,50,40
12,50,40
32,7,40
20,50,40
21,50,40
50,19,40
78,50,40
49,18,40
54,77,40
36,67,40
15,52,40
27,77,40
36,52,40
49,14,40
60,77,40
63,14,40
36,4,40
61,15,40
78,58,40
37,77,40
78,52,40
49,15,40
78,60,40
77,60,40
50,15,40
22,52,40
55,77,40
77,52,40
52,15,40
61,14,40
57,77,40
52,77,40
26,77,40
65,77,40
64,77,40
49,11,40
61,11,40
49,13,40
49,17,40
50,21,40
49,21,40
36,27,40
77,27,40
27,36,40
67,36,40
4,36,40
25,36,40
52,36,40
62,36,40
49,36,40
50,36,40
15,61,40
12,61,40
11,61,40
14,61,40
36,62,40
14,63,40
58,78,40
60,78,40
54,78,40
57,78,40
52,78,40
59,78,40
49,78,40
50,78,40
50,20,40
32,75,40
49,20,40
77,65,40
50,22,40
75,38,40
52,22,40
37,75,40
36,25,40
77,37,40
49,22,40
75,37,40
38,75,40
78,59,40
12,49,40
78,59,45
36,25,45
38,75,45
75,37,45
52,22,45
49,22,45
37,75,45
32,75,45
75,38,45
77,65,45
50,22,45
57,78,45
4,36,45
58,78,45
60,78,45
36,62,45
52,78,45
49,78,45
36,27,45
59,78,45
77,27,45
54,78,45
50,36,45
27,36,45
49,36,45
50,78,45
62,36,45
67,36,45
52,36,45
25,36,45
54,77,45
64,77,45
26,77,45
52,77,45
77,60,45
36,67,45
77,52,45
55,77,45
78,52,45
65,77,45
78,58,45
36,52,45
27,77,45
22,52,45
78,60,45
36,4,45
57,77,45
37,77,45
60,77,45
36,50,45
22,50,45
78,50,45
75,32,45
49,18,45
77,55,45
78,54,45
18,49,45
77,54,45
22,49,45
77,64,45
36,49,45
78,49,45
78,57,45
77,57,45
77,26,45
77,37,45
21,49,52
50,12,52
61,12,52
67,74,52
17,49,52
49,12,52
18,49,52
53,49,52
20,49,52
22,49,52
15,49,52
13,49,52
12,49,52
11,49,52
15,50,52
22,50,52
12,50,52
49,18,52
20,50,52
32,7,52
75,32,52
50,19,52
70,32,52
19,50,52
21,50,52
49,14,52
61,14,52
61,15,52
22,52,52
49,15,52
50,15,52
74,67,52
52,15,52
15,52,52
63,14,52
15,61,52
49,21,52
49,17,52
12,61,52
11,61,52
61,11,52
49,13,52
50,21,52
14,63,52
49,11,52
49,53,52
14,61,52
52,22,52
49,20,52
50,8,52
50,22,52
32,75,52
75,37,52
32,70,52
38,75,52
50,20,52
75,38,52
49,22,52
37,75,52
14,49,52
37,75,64
38,75,64
52,22,64
75,38,64
32,75,64
49,22,64
50,22,64
50,20,64
32,70,64
75,37,64
49,53,64
11,61,64
49,11,64
12,61,64
15,61,64
61,11,64
49,13,64
49,17,64
14,63,64
49,21,64
50,21,64
14,61,64
63,14,64
50,15,64
15,52,64
49,14,64
49,15,64
22,52,64
61,15,64
74,67,64
61,14,64
52,15,64
15,50,64
12,50,64
32,7,64
50,19,64
19,50,64
75,32,64
70,32,64
20,50,64
21,50,64
22,50,64
49,18,64
53,49,64
22,49,64
49,12,64
15,49,64
21,49,64
18,49,64
13,49,64
17,49,64
12,49,64
67,74,64
61,12,64
50,12,64
14,49,64
11,49,64
20,49,64
49,20,64
11,49,69
14,49,69
22,49,69
53,49,69
61,12,69
15,49,69
18,49,69
67,74,69
13,49,69
50,12,69
21,49,69
17,49,69
49,12,69
20,49,69
49,18,69
50,19,69
20,50,69
70,32,69
19,50,69
32,7,69
75,32,69
21,50,69
15,50,69
12,50,69
22,50,69
61,14,69
49,14,69
52,15,69
63,14,69
74,67,69
50,15,69
22,52,69
49,15,69
61,15,69
15,52,69
49,21,69
50,21,69
49,53,69
61,11,69
12,61,69
15,61,69
14,61,69
49,11,69
11,61,69
14,63,69
49,17,69
49,13,69
38,75,69
49,20,69
50,22,69
49,22,69
32,70,69
50,20,69
75,37,69
52,22,69
32,75,69
50,8,69
12,49,69
50,20,78
78,59,78
36,25,78
77,37,78
32,75,78
49,22,78
32,70,78
77,65,78
52,22,78
75,38,78
38,75,78
49,20,78
75,37,78
37,75,78
11,61,78
62,36,78
27,36,78
15,61,78
57,78,78
54,78,78
14,61,78
52,36,78
67,36,78
12,61,78
49,11,78
49,78,78
36,27,78
25,36,78
59,78,78
50,78,78
49,53,78
4,36,78
77,27,78
49,13,78
49,21,78
61,11,78
49,36,78
49,17,78
60,78,78
50,21,78
52,78,78
14,63,78
58,78,78
36,62,78
50,36,78
37,77,78
36,4,78
63,14,78
49,14,78
61,14,78
61,15,78
49,15,78
50,15,78
52,15,78
15,52,78
36,52,78
77,52,78
22,52,78
78,52,78
78,58,78
78,60,78
77,60,78
74,67,78
36,67,78
57,77,78
60,77,78
54,77,78
64,77,78
65,77,78
52,77,78
26,77,78
27,77,78
55,77,78
70,32,78
20,50,78
49,18,78
75,32,78
21,50,78
12,50,78
15,50,78
50,19,78
32,7,78
36,50,78
19,50,78
22,50,78
78,50,78
50,12,78
49,12,78
61,12,78
77,26,78
17,49,78
18,49,78
20,49,78
22,49,78
78,49,78
11,49,78
14,49,78
21,49,78
12,49,78
13,49,78
15,49,78
36,49,78
53,49,78
77,54,78
78,54,78
77,55,78
77,57,78
78,57,78
77,64,78
67,74,78
50,22,78
61,59,82
78,59,82
50,20,82
50,22,82
52,22,82
38,75,82
32,75,82
49,22,82
37,75,82
62,25,82
42,25,82
49,25,82
50,25,82
52,25,82
61,25,82
66,25,82
32,25,82
63,25,82
36,25,82
75,37,82
32,70,82
49,20,82
75,38,82
25,66,82
52,36,82
49,36,82
50,36,82
62,36,82
49,53,82
61,11,82
62,61,82
59,61,82
31,61,82
15,61,82
25,61,82
49,11,82
12,61,82
36,27,82
14,61,82
11,61,82
59,78,82
61,62,82
25,62,82
36,62,82
50,62,82
49,62,82
25,63,82
14,63,82
50,21,82
49,13,82
49,21,82
49,17,82
4,36,82
67,36,82
25,36,82
25,52,82
61,15,82
74,67,82
52,15,82
31,52,82
36,4,82
49,14,82
22,52,82
61,14,82
63,14,82
36,67,82
50,15,82
15,52,82
49,15,82
62,50,82
31,50,82
12,50,82
25,50,82
15,50,82
22,50,82
36,50,82
49,31,82
19,50,82
70,32,82
49,18,82
50,31,82
25,32,82
75,32,82
32,7,82
20,50,82
61,31,82
52,31,82
50,19,82
21,50,82
11,49,82
31,49,82
12,49,82
13,49,82
22,49,82
15,49,82
25,49,82
36,49,82
20,49,82
53,49,82
18,49,82
17,49,82
49,12,82
50,12,82
61,12,82
67,74,82
14,49,82
21,49,82
62,49,82
25,42,82
67,74,93
27,49,93
18,49,93
20,49,93
53,49,93
78,57,93
78,54,93
27,76,93
49,18,93
27,31,93
70,32,93
27,32,93
75,32,93
27,46,93
27,50,93
21,50,93
20,50,93
22,50,93
78,50,93
74,67,93
27,67,93
22,52,93
78,58,93
27,77,93
78,52,93
27,52,93
59,78,93
75,27,93
52,27,93
27,36,93
32,27,93
50,27,93
49,27,93
76,27,93
77,27,93
60,78,93
46,27,93
50,78,93
50,21,93
49,78,93
49,53,93
38,27,93
36,27,93
31,27,93
67,27,93
57,78,93
52,78,93
54,78,93
49,20,93
75,37,93
27,75,93
38,75,93
49,22,93
32,75,93
52,22,93
50,8,93
78,59,93
75,38,93
50,22,93
27,38,93
50,20,93
37,75,93
32,70,93
22,49,93
49,20,97
50,22,97
52,22,97
49,22,97
38,75,97
75,37,97
50,8,97
37,75,97
75,38,97
32,70,97
32,75,97
49,21,97
49,53,97
50,21,97
74,67,97
22,52,97
21,50,97
22,50,97
49,18,97
70,32,97
20,50,97
75,32,97
21,49,97
53,49,97
20,49,97
18,49,97
22,49,97
67,74,97
50,20,97
18,49,105
21,49,105
20,49,105
67,74,105
20,50,105
21,50,105
49,18,105
70,32,105
22,52,105
74,67,105
49,53,105
50,21,105
49,21,105
37,75,105
32,70,105
75,37,105
50,20,105
38,75,105
52,22,105
50,8,105
49,20,105
75,38,105
53,49,105
75,37,109
50,20,109
38,75,109
32,70,109
37,75,109
32,75,109
49,20,109
49,53,109
74,67,109
20,50,109
70,32,109
75,32,109
49,18,109
18,49,109
67,74,109
20,49,109
53,49,109
75,38,109
67,74,112
21,49,112
22,49,112
22,50,112
21,50,112
70,32,112
75,32,112
22,52,112
74,67,112
50,21,112
49,53,112
49,21,112
75,38,112
50,8,112
50,22,112
49,22,112
75,37,112
32,70,112
32,75,112
37,75,112
38,75,112
53,49,112
75,37,118
52,22,118
50,8,118
49,22,118
38,75,118
50,22,118
32,70,118
32,75,118
37,75,118
49,53,118
50,21,118
49,21,118
74,67,118
22,52,118
22,50,118
75,32,118
70,32,118
21,50,118
53,49,118
21,49,118
67,74,118
22,49,118
75,38,118
53,49,120
21,49,120
22,49,120
49,18,120
8,50,120
75,32,120
22,50,120
21,50,120
70,32,120
74,67,120
22,52,120
50,21,120
49,53,120
49,21,120
52,22,120
75,38,120
38,75,120
75,37,120
32,75,120
49,22,120
50,22,120
50,8,120
32,70,120
37,75,120
67,74,120
32,75,124
32,70,124
38,75,124
75,38,124
37,75,124
75,37,124
49,53,124
74,67,124
8,50,124
49,18,124
75,32,124
70,32,124
67,74,124
53,49,124
50,8,124
53,49,125
21,49,125
22,49,125
70,32,125
22,50,125
49,18,125
8,50,125
21,50,125
75,32,125
74,67,125
22,52,125
49,53,125
49,21,125
50,21,125
37,75,125
52,22,125
50,8,125
49,22,125
38,75,125
75,37,125
32,75,125
50,22,125
75,38,125
32,70,125
67,74,125
32,75,131
45,38,131
44,38,131
48,38,131
75,38,131
37,75,131
75,37,131
44,37,131
45,37,131
32,25,131
49,22,131
50,22,131
52,22,131
50,8,131
38,75,131
32,71,131
49,53,131
50,21,131
49,21,131
32,61,131
32,52,131
46,45,131
37,45,131
32,67,131
38,45,131
74,67,131
44,52,131
48,35,131
22,52,131
32,44,131
57,44,131
38,44,131
52,44,131
37,44,131
45,46,131
32,46,131
46,32,131
25,32,131
7,32,131
8,50,131
49,32,131
50,32,131
52,32,131
32,50,131
72,32,131
26,32,131
44,32,131
75,32,131
49,18,131
21,50,131
47,32,131
61,32,131
71,32,131
30,32,131
67,32,131
32,7,131
70,32,131
32,30,131
22,50,131
48,50,131
54,32,131
57,32,131
21,49,131
53,49,131
32,54,131
38,48,131
67,74,131
35,48,131
32,57,131
50,48,131
44,57,131
49,48,131
68,47,131
47,68,131
32,72,131
32,47,131
48,49,131
32,26,131
22,49,131
32,70,131
32,47,141
68,47,141
32,49,141
22,49,141
21,49,141
49,48,141
44,57,141
32,57,141
67,74,141
35,48,141
50,48,141
47,68,141
32,72,141
38,48,141
32,54,141
53,49,141
49,18,141
75,32,141
48,50,141
44,32,141
26,32,141
72,32,141
52,32,141
32,50,141
46,32,141
47,32,141
57,32,141
32,30,141
49,32,141
8,50,141
7,32,141
25,32,141
32,7,141
32,46,141
45,46,141
37,44,141
38,44,141
52,44,141
54,32,141
22,50,141
30,32,141
32,44,141
57,44,141
67,32,141
27,32,141
71,32,141
70,32,141
61,32,141
21,50,141
32,67,141
48,35,141
46,45,141
22,52,141
32,52,141
38,45,141
44,52,141
74,67,141
37,45,141
50,21,141
32,61,141
49,53,141
32,27,141
49,21,141
45,37,141
32,75,141
52,22,141
75,37,141
37,75,141
48,38,141
44,38,141
32,71,141
50,8,141
75,38,141
45,38,141
38,75,141
49,22,141
32,70,141
50,22,141
32,25,141
44,37,141
48,49,141
21,50,13
22,50,13
75,32,13
49,53,13
50,21,13
22,49,13
67,74,13
53,49,13
37,75,13
52,22,13
32,75,13
75,38,13
49,22,13
50,22,13
32,70,13
50,8,13
38,75,13
75,37,13
74,67,13
22,52,13
70,32,13
52,22,17
75,38,17
37,75,17
32,70,17
38,75,17
50,22,17
49,22,17
32,75,17
50,8,17
75,37,17
21,49,17
22,49,17
67,74,17
53,49,17
50,21,17
49,21,17
49,53,17
75,32,17
22,50,17
70,32,17
21,50,17
74,67,17
32,75,20
37,75,20
75,37,20
32,70,20
75,38,20
74,67,20
75,32,20
70,32,20
49,53,20
67,74,20
53,49,20
38,75,20
25,32,30
7,32,30
75,32,30
49,18,30
22,50,30
49,7,30
61,7,30
50,19,30
20,50,30
32,7,30
19,50,30
6,50,30
78,50,30
5,50,30
21,50,30
24,50,30
37,50,30
25,50,30
36,50,30
15,50,30
50,7,30
7,50,30
12,50,30
37,44,30
49,6,30
50,6,30
49,12,30
50,12,30
61,12,30
77,26,30
6,49,30
17,49,30
18,49,30
20,49,30
22,49,30
78,49,30
11,49,30
14,49,30
21,49,30
24,49,30
37,49,30
7,49,30
12,49,30
13,49,30
15,49,30
23,49,30
25,49,30
36,49,30
77,54,30
78,54,30
77,55,30
77,57,30
78,57,30
77,64,30
49,23,30
50,78,30
49,78,30
59,78,30
52,78,30
57,78,30
54,78,30
49,11,30
60,78,30
58,78,30
14,63,30
25,63,30
36,62,30
25,62,30
61,11,30
14,61,30
37,61,30
11,61,30
12,61,30
49,13,30
15,61,30
25,61,30
7,61,30
49,17,30
50,21,30
50,36,30
49,21,30
52,36,30
49,36,30
62,36,30
25,36,30
4,36,30
67,36,30
27,36,30
77,27,30
36,27,30
50,24,30
49,24,30
37,43,30
50,5,30
62,25,30
50,25,30
49,25,30
52,25,30
42,25,30
38,75,30
49,20,30
50,20,30
37,75,30
32,75,30
25,66,30
77,65,30
78,59,30
50,22,30
25,42,30
75,38,30
45,37,30
75,37,30
52,22,30
49,22,30
50,37,30
49,37,30
44,37,30
43,37,30
61,37,30
77,37,30
63,25,30
32,25,30
66,25,30
36,25,30
61,25,30
25,52,30
37,77,30
36,52,30
65,77,30
78,52,30
78,58,30
49,14,30
61,14,30
52,77,30
61,15,30
36,4,30
54,77,30
60,77,30
26,77,30
22,52,30
77,60,30
50,15,30
63,14,30
52,15,30
57,77,30
64,77,30
36,67,30
49,15,30
55,77,30
27,77,30
37,45,30
7,52,30
15,52,30
77,52,30
78,60,30
52,7,30
52,15,38
49,15,38
63,14,38
61,15,38
50,15,38
74,67,38
49,14,38
61,14,38
22,52,38
32,75,38
50,8,38
50,20,38
49,20,38
52,22,38
49,22,38
50,22,38
75,37,38
75,38,38
32,70,38
37,75,38
38,75,38
11,61,38
14,61,38
49,21,38
49,17,38
49,53,38
50,21,38
12,61,38
49,11,38
15,61,38
61,11,38
14,63,38
49,13,38
20,49,38
50,12,38
67,74,38
14,49,38
11,49,38
61,12,38
12,49,38
13,49,38
18,49,38
49,12,38
15,49,38
22,49,38
21,49,38
53,49,38
17,49,38
49,18,38
15,50,38
70,32,38
50,19,38
22,50,38
75,32,38
20,50,38
21,50,38
19,50,38
32,7,38
12,50,38
15,52,38
75,32,46
49,18,46
36,50,46
22,50,46
36,49,46
18,49,46
77,64,46
77,57,46
77,55,46
78,54,46
77,54,46
22,49,46
78,57,46
78,49,46
77,26,46
50,78,46
36,27,46
77,27,46
27,36,46
67,36,46
4,36,46
25,36,46
52,36,46
62,36,46
49,36,46
50,36,46
36,62,46
60,78,46
58,78,46
54,78,46
57,78,46
49,78,46
52,78,46
59,78,46
38,75,46
37,75,46
50,22,46
49,22,46
77,65,46
75,38,46
75,37,46
77,37,46
36,25,46
78,59,46
52,22,46
32,75,46
60,77,46
36,4,46
78,60,46
54,77,46
22,52,46
36,67,46
57,77,46
55,77,46
27,77,46
77,52,46
26,77,46
64,77,46
52,77,46
36,52,46
78,58,46
37,77,46
77,60,46
65,77,46
78,52,46
78,50,46
49,15,47
15,52,47
50,15,47
22,52,47
63,14,47
49,14,47
74,67,47
52,15,47
61,14,47
52,22,47
38,75,47
75,38,47
50,22,47
49,22,47
32,70,47
32,75,47
50,8,47
49,20,47
50,20,47
75,37,47
37,75,47
49,21,47
61,11,47
14,61,47
11,61,47
14,63,47
49,11,47
15,61,47
49,13,47
12,61,47
49,17,47
50,21,47
49,53,47
61,12,47
22,49,47
49,12,47
67,74,47
12,49,47
18,49,47
13,49,47
20,49,47
11,49,47
14,49,47
50,12,47
53,49,47
15,49,47
17,49,47
21,49,47
75,32,47
49,18,47
22,50,47
19,50,47
21,50,47
20,50,47
15,50,47
70,32,47
12,50,47
32,7,47
50,19,47
61,15,47
19,50,53
75,32,53
21,50,53
70,32,53
32,7,53
15,50,53
22,50,53
49,18,53
50,19,53
20,50,53
13,49,53
61,12,53
53,49,53
49,12,53
15,49,53
18,49,53
22,49,53
20,49,53
12,49,53
17,49,53
67,74,53
14,49,53
21,49,53
11,49,53
50,12,53
49,53,53
49,11,53
61,11,53
49,17,53
49,13,53
50,21,53
14,61,53
49,21,53
11,61,53
15,61,53
12,61,53
14,63,53
49,22,53
52,22,53
32,70,53
32,75,53
50,20,53
37,75,53
50,22,53
38,75,53
75,37,53
75,38,53
49,20,53
49,15,53
63,14,53
52,15,53
50,15,53
61,15,53
61,14,53
22,52,53
49,14,53
74,67,53
15,52,53
12,50,53
63,14,60
49,14,60
61,14,60
61,15,60
49,15,60
50,15,60
74,67,60
52,15,60
15,52,60
50,20,60
37,75,60
32,75,60
50,22,60
32,70,60
52,22,60
49,20,60
75,38,60
75,37,60
38,75,60
49,22,60
61,11,60
14,63,60
49,11,60
49,21,60
50,21,60
49,53,60
49,17,60
12,61,60
15,61,60
11,61,60
14,61,60
49,13,60
14,49,60
17,49,60
49,12,60
22,49,60
11,49,60
20,49,60
15,49,60
53,49,60
13,49,60
50,12,60
12,49,60
21,49,60
18,49,60
61,12,60
67,74,60
32,7,60
75,32,60
20,50,60
22,50,60
21,50,60
49,18,60
12,50,60
19,50,60
50,19,60
70,32,60
15,50,60
22,52,60
12,50,66
21,50,66
19,50,66
70,32,66
50,19,66
20,50,66
22,50,66
49,18,66
15,50,66
21,49,66
61,12,66
18,49,66
20,49,66
22,49,66
17,49,66
11,49,66
14,49,66
49,12,66
67,74,66
12,49,66
13,49,66
15,49,66
53,49,66
50,12,66
49,17,66
49,53,66
50,21,66
49,11,66
11,61,66
14,63,66
49,13,66
61,11,66
14,61,66
15,61,66
12,61,66
49,21,66
50,20,66
75,38,66
50,8,66
50,22,66
38,75,66
49,22,66
49,20,66
52,22,66
37,75,66
32,70,66
63,14,66
15,52,66
52,15,66
50,15,66
49,15,66
61,15,66
61,14,66
49,14,66
74,67,66
22,52,66
32,7,66
36,67,74
49,14,74
36,4,74
61,14,74
61,15,74
49,15,74
50,15,74
74,67,74
15,52,74
25,52,74
63,14,74
36,52,74
22,52,74
31,52,74
49,20,74
50,25,74
38,75,74
63,25,74
75,37,74
62,25,74
32,25,74
66,25,74
49,25,74
36,25,74
25,66,74
32,75,74
50,8,74
52,22,74
61,25,74
25,42,74
61,59,74
50,20,74
42,25,74
52,25,74
75,38,74
78,59,74
50,22,74
49,22,74
32,70,74
37,75,74
25,36,74
49,11,74
62,36,74
49,36,74
50,36,74
31,27,74
52,36,74
50,21,74
49,53,74
27,36,74
49,17,74
62,61,74
31,61,74
59,61,74
25,63,74
25,61,74
12,61,74
36,62,74
59,78,74
61,11,74
15,61,74
14,61,74
50,62,74
49,13,74
14,63,74
11,61,74
61,62,74
25,62,74
67,36,74
36,27,74
4,36,74
49,21,74
22,49,74
50,12,74
12,49,74
11,49,74
67,74,74
14,49,74
53,49,74
20,49,74
36,49,74
25,49,74
17,49,74
18,49,74
15,49,74
62,49,74
61,12,74
49,12,74
21,49,74
31,49,74
13,49,74
25,32,74
32,7,74
49,18,74
50,19,74
50,31,74
52,31,74
49,31,74
61,31,74
27,31,74
70,32,74
75,32,74
36,50,74
15,50,74
21,50,74
19,50,74
20,50,74
22,50,74
31,50,74
12,50,74
52,15,74
25,32,81
15,50,81
31,50,81
36,50,81
50,31,81
49,18,81
19,50,81
49,31,81
52,31,81
61,31,81
27,31,81
75,32,81
21,50,81
32,7,81
20,50,81
22,50,81
50,19,81
12,50,81
70,32,81
11,49,81
21,49,81
62,49,81
31,49,81
12,49,81
22,49,81
13,49,81
67,74,81
49,12,81
15,49,81
25,49,81
17,49,81
36,49,81
20,49,81
50,12,81
61,12,81
53,49,81
18,49,81
14,49,81
59,61,81
31,61,81
15,61,81
36,27,81
11,61,81
25,61,81
59,78,81
12,61,81
25,62,81
49,36,81
61,11,81
25,36,81
36,62,81
52,36,81
4,36,81
14,61,81
50,36,81
62,36,81
31,27,81
49,13,81
49,53,81
67,36,81
49,21,81
25,63,81
27,36,81
49,11,81
49,17,81
50,21,81
14,63,81
49,62,81
42,25,81
49,25,81
50,25,81
52,25,81
61,25,81
66,25,81
32,25,81
63,25,81
36,25,81
49,22,81
75,37,81
52,22,81
75,38,81
25,42,81
61,59,81
50,22,81
78,59,81
25,66,81
32,70,81
50,20,81
32,75,81
49,20,81
37,75,81
38,75,81
62,25,81
74,67,81
22,52,81
36,52,81
25,52,81
63,14,81
15,52,81
52,15,81
50,15,81
49,15,81
61,15,81
61,14,81
36,4,81
49,14,81
36,67,81
31,52,81
25,50,81
63,14,83
49,14,83
61,14,83
61,15,83
49,15,83
50,15,83
52,15,83
15,52,83
36,4,83
36,52,83
22,52,83
31,52,83
74,67,83
62,25,83
49,25,83
49,20,83
75,38,83
61,59,83
61,25,83
25,66,83
50,22,83
25,42,83
66,25,83
32,70,83
32,25,83
63,25,83
36,25,83
52,22,83
42,25,83
38,75,83
52,25,83
50,20,83
49,22,83
75,37,83
37,75,83
50,25,83
32,75,83
78,59,83
25,62,83
14,61,83
62,61,83
4,36,83
31,61,83
59,61,83
15,61,83
49,11,83
49,62,83
52,36,83
11,61,83
25,61,83
50,36,83
31,27,83
12,61,83
14,63,83
27,36,83
59,78,83
36,62,83
25,36,83
61,62,83
61,11,83
67,36,83
49,13,83
49,21,83
50,21,83
36,27,83
49,36,83
25,63,83
49,53,83
49,17,83
20,49,83
31,49,83
14,49,83
62,49,83
49,12,83
50,12,83
53,49,83
18,49,83
25,49,83
11,49,83
13,49,83
61,12,83
22,49,83
21,49,83
36,49,83
12,49,83
17,49,83
67,74,83
15,49,83
70,32,83
20,50,83
49,18,83
22,50,83
25,32,83
15,50,83
25,50,83
12,50,83
75,32,83
21,50,83
62,50,83
27,31,83
61,31,83
52,31,83
49,31,83
50,31,83
32,7,83
19,50,83
31,50,83
36,50,83
50,19,83
25,52,83
70,32,85
21,50,85
20,50,85
49,18,85
27,31,85
27,76,85
75,32,85
27,46,85
27,32,85
22,50,85
78,50,85
53,49,85
27,49,85
18,49,85
67,74,85
20,49,85
78,49,85
21,49,85
78,54,85
22,49,85
78,57,85
38,27,85
50,27,85
52,27,85
75,27,85
32,27,85
76,27,85
46,27,85
36,27,85
54,78,85
67,27,85
77,27,85
49,21,85
59,78,85
27,36,85
50,78,85
49,78,85
52,78,85
49,53,85
57,78,85
60,78,85
58,78,85
50,21,85
31,27,85
49,27,85
32,75,85
52,22,85
75,37,85
50,22,85
37,75,85
32,70,85
75,38,85
27,38,85
49,20,85
50,20,85
78,59,85
27,75,85
38,75,85
49,22,85
50,8,85
78,60,85
78,58,85
27,52,85
78,52,85
27,77,85
64,77,85
22,52,85
74,67,85
27,67,85
27,50,85
74,67,94
50,8,94
50,22,94
32,70,94
52,22,94
32,75,94
50,20,94
49,20,94
37,75,94
75,37,94
38,75,94
49,22,94
75,38,94
49,53,94
49,21,94
50,21,94
18,49,94
20,49,94
21,49,94
53,49,94
67,74,94
22,49,94
9,50,94
70,32,94
21,50,94
49,18,94
22,50,94
75,32,94
20,50,94
22,52,94
22,50,98
75,32,98
20,50,98
21,50,98
49,18,98
21,49,98
22,49,98
67,74,98
53,49,98
18,49,98
20,49,98
50,21,98
49,53,98
49,21,98
37,75,98
32,70,98
50,20,98
75,38,98
38,75,98
50,22,98
50,8,98
75,37,98
52,22,98
49,22,98
49,20,98
32,75,98
74,67,98
22,52,98
70,32,98
38,75,106
75,38,106
37,75,106
75,37,106
49,20,106
32,75,106
32,70,106
50,20,106
49,53,106
53,49,106
67,74,106
18,49,106
20,49,106
75,32,106
49,18,106
70,32,106
20,50,106
74,67,106
75,32,110
70,32,110
20,50,110
67,74,110
20,49,110
18,49,110
53,49,110
49,53,110
75,38,110
32,70,110
37,75,110
75,37,110
32,75,110
38,75,110
49,20,110
50,20,110
74,67,110
49,18,110
22,52,126
32,75,126
75,37,126
52,22,126
37,75,126
38,75,126
50,8,126
50,22,126
75,38,126
32,70,126
49,22,126
49,21,126
49,53,126
50,21,126
21,49,126
67,74,126
22,49,126
53,49,126
75,32,126
49,18,126
8,50,126
21,50,126
70,32,126
22,50,126
74,67,126
57,32,142
57,44,142
32,44,142
52,44,142
38,44,142
44,32,142
37,44,142
45,46,142
32,46,142
8,50,142
32,50,142
61,32,142
70,32,142
71,32,142
30,32,142
67,32,142
27,32,142
48,50,142
21,50,142
46,32,142
19,50,142
32,30,142
50,19,142
32,7,142
49,18,142
22,50,142
49,32,142
52,32,142
75,32,142
7,32,142
72,32,142
26,32,142
67,74,142
47,68,142
22,49,142
48,49,142
32,72,142
21,49,142
32,49,142
53,49,142
32,57,142
32,47,142
68,47,142
49,48,142
35,48,142
50,48,142
38,48,142
44,57,142
49,53,142
49,21,142
50,21,142
32,27,142
32,61,142
32,70,142
50,8,142
38,75,142
48,38,142
32,71,142
45,37,142
44,37,142
45,38,142
49,22,142
32,75,142
37,75,142
75,37,142
50,22,142
75,38,142
52,22,142
44,38,142
48,35,142
32,67,142
44,52,142
22,52,142
32,52,142
46,45,142
37,45,142
38,45,142
74,67,142
47,32,142
32,27,1
50,21,1
49,21,1
49,53,1
49,22,1
45,37,1
45,38,1
32,70,1
32,71,1
75,38,1
38,75,1
52,22,1
50,8,1
32,25,1
75,37,1
44,37,1
44,38,1
37,75,1
32,75,1
50,22,1
48,38,1
32,67,1
37,45,1
32,52,1
74,67,1
38,45,1
46,45,1
48,35,1
44,52,1
22,52,1
32,47,1
67,74,1
32,72,1
47,68,1
44,57,1
32,57,1
32,54,1
53,49,1
32,49,1
21,49,1
48,49,1
22,49,1
38,48,1
35,48,1
50,48,1
49,48,1
68,47,1
32,26,1
37,44,1
21,50,1
44,32,1
26,32,1
61,32,1
67,32,1
71,32,1
30,32,1
70,32,1
27,32,1
75,32,1
72,32,1
32,7,1
52,32,1
32,50,1
50,32,1
49,32,1
8,50,1
47,32,1
22,50,1
7,32,1
25,32,1
49,18,1
32,30,1
46,32,1
54,32,1
32,46,1
48,50,1
45,46,1
57,32,1
32,44,1
57,44,1
38,44,1
52,44,1
32,61,1
32,75,18
49,22,18
52,22,18
32,70,18
75,37,18
37,75,18
50,8,18
50,22,18
75,38,18
74,67,18
22,52,18
50,21,18
49,21,18
49,53,18
21,50,18
22,50,18
75,32,18
70,32,18
21,49,18
22,49,18
53,49,18
67,74,18
38,75,18
75,32,21
53,49,21
67,74,21
75,38,21
75,37,21
37,75,21
38,75,21
32,75,21
32,70,21
74,67,21
49,53,21
70,32,21
36,62,24
50,24,24
58,78,24
62,36,24
49,53,24
25,36,24
50,36,24
60,78,24
49,78,24
27,36,24
67,36,24
59,78,24
49,24,24
57,78,24
54,78,24
36,27,24
50,78,24
52,36,24
78,60,24
78,52,24
36,67,24
78,58,24
74,67,24
36,52,24
37,75,24
75,37,24
36,25,24
38,75,24
75,38,24
32,70,24
78,59,24
32,75,24
24,49,24
78,54,24
78,49,24
78,57,24
67,74,24
53,49,24
24,50,24
70,32,24
36,50,24
75,32,24
78,50,24
52,78,24
24,50,27
50,7,27
5,50,27
70,32,27
21,50,27
75,32,27
37,50,27
25,32,27
7,32,27
61,7,27
6,50,27
32,7,27
50,19,27
37,44,27
52,7,27
12,50,27
49,7,27
7,50,27
49,18,27
15,50,27
22,50,27
19,50,27
25,49,27
53,49,27
50,12,27
61,12,27
6,49,27
17,49,27
18,49,27
67,74,27
49,6,27
20,49,27
22,49,27
50,6,27
49,12,27
11,49,27
14,49,27
21,49,27
24,49,27
37,49,27
7,49,27
12,49,27
13,49,27
15,49,27
23,49,27
25,42,27
77,37,27
63,25,27
38,75,27
49,20,27
37,75,27
50,20,27
32,75,27
32,70,27
25,66,27
37,43,27
52,22,27
32,25,27
49,22,27
75,38,27
50,22,27
50,5,27
42,25,27
52,25,27
50,37,27
49,37,27
62,25,27
44,37,27
43,37,27
61,25,27
75,37,27
36,25,27
45,37,27
61,37,27
66,25,27
7,52,27
22,52,27
49,14,27
61,15,27
52,15,27
37,77,27
49,15,27
50,15,27
37,45,27
74,67,27
61,14,27
63,14,27
25,52,27
15,52,27
49,53,27
25,62,27
14,61,27
49,13,27
37,61,27
11,61,27
12,61,27
49,24,27
15,61,27
25,61,27
7,61,27
49,23,27
49,11,27
50,24,27
14,63,27
25,63,27
49,17,27
25,36,27
50,21,27
49,21,27
61,11,27
20,50,27
61,25,31
75,37,31
25,66,31
61,37,31
37,75,31
49,20,31
42,25,31
66,25,31
52,25,31
50,5,31
38,75,31
49,25,31
50,25,31
50,37,31
45,37,31
49,37,31
63,25,31
36,25,31
62,25,31
44,37,31
52,22,31
32,25,31
25,42,31
37,43,31
49,22,31
78,59,31
77,65,31
75,38,31
32,75,31
77,37,31
50,22,31
43,37,31
37,45,31
7,52,31
15,52,31
49,14,31
55,77,31
78,58,31
65,77,31
25,52,31
57,77,31
36,52,31
52,77,31
36,67,31
36,4,31
61,14,31
26,77,31
22,52,31
61,15,31
77,60,31
49,15,31
60,77,31
54,77,31
63,14,31
50,15,31
37,77,31
77,52,31
78,60,31
52,15,31
78,52,31
27,77,31
64,77,31
4,36,31
27,36,31
77,27,31
36,27,31
49,11,31
59,78,31
52,78,31
57,78,31
61,11,31
54,78,31
49,13,31
50,78,31
60,78,31
58,78,31
14,63,31
49,17,31
25,63,31
50,21,31
49,21,31
49,78,31
36,62,31
25,62,31
14,61,31
37,61,31
11,61,31
12,61,31
15,61,31
25,61,31
7,61,31
49,23,31
49,24,31
50,24,31
50,36,31
52,36,31
49,36,31
62,36,31
25,36,31
67,36,31
37,44,31
78,50,31
25,32,31
50,19,31
25,50,31
12,50,31
49,7,31
15,50,31
22,50,31
49,18,31
36,50,31
7,32,31
75,32,31
61,7,31
7,50,31
52,7,31
20,50,31
24,50,31
5,50,31
32,7,31
6,50,31
19,50,31
37,50,31
50,7,31
21,50,31
23,49,31
78,57,31
22,49,31
13,49,31
77,64,31
6,49,31
18,49,31
50,12,31
12,49,31
7,49,31
37,49,31
25,49,31
24,49,31
77,54,31
20,49,31
61,12,31
78,54,31
77,55,31
77,26,31
21,49,31
49,6,31
14,49,31
11,49,31
17,49,31
15,49,31
36,49,31
77,57,31
78,49,31
49,12,31
50,6,31
50,20,31
61,12,39
20,49,39
67,74,39
22,49,39
50,12,39
11,49,39
15,49,39
14,49,39
21,49,39
49,12,39
12,49,39
53,49,39
13,49,39
17,49,39
32,7,39
49,18,39
50,19,39
22,50,39
20,50,39
70,32,39
75,32,39
19,50,39
21,50,39
12,50,39
15,50,39
50,21,39
49,13,39
49,17,39
14,63,39
61,11,39
49,11,39
15,61,39
12,61,39
11,61,39
14,61,39
49,21,39
49,53,39
61,14,39
49,14,39
63,14,39
15,52,39
61,15,39
74,67,39
50,15,39
49,15,39
22,52,39
52,15,39
50,20,39
37,75,39
50,8,39
75,38,39
49,20,39
52,22,39
75,37,39
38,75,39
49,22,39
32,70,39
32,75,39
50,22,39
18,49,39
50,20,41
49,20,41
52,22,41
49,22,41
50,22,41
36,25,41
77,37,41
75,38,41
78,59,41
77,65,41
32,75,41
37,75,41
38,75,41
78,60,41
27,77,41
37,77,41
52,77,41
63,14,41
36,4,41
49,14,41
60,77,41
61,14,41
54,77,41
77,60,41
61,15,41
49,15,41
64,77,41
50,15,41
57,77,41
36,67,41
52,15,41
78,58,41
15,52,41
65,77,41
36,52,41
26,77,41
55,77,41
77,52,41
22,52,41
78,52,41
50,78,41
49,11,41
61,11,41
49,13,41
49,17,41
50,21,41
49,21,41
36,27,41
77,27,41
27,36,41
67,36,41
4,36,41
25,36,41
52,36,41
62,36,41
49,36,41
50,36,41
15,61,41
12,61,41
11,61,41
14,61,41
36,62,41
14,63,41
60,78,41
58,78,41
54,78,41
57,78,41
49,78,41
52,78,41
59,78,41
12,50,41
78,50,41
75,32,41
32,7,41
19,50,41
20,50,41
15,50,41
36,50,41
22,50,41
50,19,41
21,50,41
49,18,41
77,54,41
61,12,41
49,12,41
14,49,41
12,49,41
21,49,41
22,49,41
77,64,41
77,26,41
15,49,41
50,12,41
20,49,41
18,49,41
13,49,41
11,49,41
77,55,41
78,54,41
77,57,41
78,49,41
78,57,41
36,49,41
17,49,41
75,37,41
50,12,48
12,49,48
53,49,48
11,49,48
61,12,48
13,49,48
67,74,48
17,49,48
14,49,48
22,49,48
21,49,48
18,49,48
20,49,48
25,49,48
49,12,48
12,50,48
25,32,48
75,32,48
70,32,48
19,50,48
25,50,48
50,19,48
21,50,48
20,50,48
15,50,48
32,7,48
49,18,48
22,50,48
11,61,48
14,61,48
25,63,48
61,11,48
12,61,48
50,21,48
49,21,48
49,13,48
25,62,48
25,61,48
14,63,48
49,53,48
25,36,48
49,17,48
15,61,48
49,11,48
50,15,48
49,14,48
49,15,48
61,15,48
63,14,48
61,14,48
74,67,48
25,52,48
22,52,48
15,52,48
52,15,48
63,25,48
38,75,48
62,25,48
49,22,48
25,66,48
32,70,48
32,75,48
75,38,48
32,25,48
50,25,48
49,25,48
61,25,48
36,25,48
52,25,48
42,25,48
37,75,48
66,25,48
50,22,48
52,22,48
75,37,48
25,42,48
49,20,48
50,20,48
50,8,48
15,49,48
75,38,54
32,70,54
37,75,54
52,22,54
50,22,54
49,22,54
49,20,54
75,37,54
32,75,54
50,20,54
74,67,54
49,14,54
61,14,54
61,15,54
49,15,54
50,15,54
52,15,54
15,52,54
22,52,54
63,14,54
12,61,54
50,21,54
49,53,54
14,63,54
61,11,54
49,13,54
49,17,54
49,11,54
49,21,54
14,61,54
11,61,54
15,61,54
12,50,54
75,32,54
22,50,54
19,50,54
70,32,54
20,50,54
32,7,54
15,50,54
50,19,54
49,18,54
21,50,54
13,49,54
61,12,54
15,49,54
20,49,54
67,74,54
53,49,54
11,49,54
12,49,54
18,49,54
50,12,54
49,12,54
22,49,54
17,49,54
14,49,54
21,49,54
38,75,54
13,49,61
49,12,61
11,49,61
61,12,61
14,49,61
20,49,61
21,49,61
17,49,61
67,74,61
53,49,61
15,49,61
50,12,61
12,49,61
22,49,61
50,19,61
15,50,61
20,50,61
21,50,61
32,7,61
19,50,61
12,50,61
49,18,61
75,32,61
70,32,61
22,50,61
49,53,61
14,61,61
49,11,61
49,17,61
50,21,61
11,61,61
14,63,61
15,61,61
12,61,61
49,21,61
49,13,61
61,11,61
49,14,61
15,52,61
50,15,61
63,14,61
74,67,61
49,15,61
52,15,61
61,15,61
61,14,61
22,52,61
50,20,61
52,22,61
50,22,61
75,37,61
38,75,61
49,20,61
37,75,61
49,22,61
75,38,61
32,75,61
32,70,61
18,49,61
50,12,70
36,49,70
15,49,70
12,49,70
67,74,70
53,49,70
18,49,70
21,49,70
20,49,70
14,49,70
13,49,70
22,49,70
11,49,70
25,49,70
62,49,70
31,49,70
49,12,70
17,49,70
75,32,70
12,50,70
62,50,70
31,50,70
22,50,70
49,18,70
50,19,70
25,32,70
49,31,70
36,50,70
52,31,70
32,7,70
21,50,70
25,50,70
20,50,70
61,31,70
27,31,70
50,31,70
19,50,70
70,32,70
15,50,70
61,25,70
50,22,70
32,25,70
78,59,70
49,20,70
36,25,70
42,25,70
61,59,70
50,20,70
49,25,70
49,22,70
66,25,70
50,25,70
32,75,70
52,25,70
52,22,70
25,42,70
75,38,70
62,25,70
32,70,70
25,66,70
38,75,70
50,8,70
63,25,70
50,15,70
22,52,70
36,52,70
25,52,70
63,14,70
15,52,70
36,4,70
52,15,70
31,52,70
49,15,70
61,15,70
61,14,70
49,14,70
36,67,70
74,67,70
67,36,70
4,36,70
25,36,70
52,36,70
62,36,70
49,36,70
50,36,70
49,53,70
31,27,70
62,61,70
31,61,70
59,61,70
50,21,70
25,61,70
61,11,70
12,61,70
15,61,70
14,61,70
59,78,70
11,61,70
61,62,70
49,21,70
25,62,70
36,62,70
50,62,70
49,62,70
25,63,70
14,63,70
49,17,70
49,13,70
49,11,70
36,27,70
27,36,70
61,12,70
12,61,75
61,11,75
15,61,75
14,61,75
50,36,75
49,21,75
11,61,75
49,36,75
25,62,75
59,78,75
36,62,75
49,62,75
67,36,75
61,62,75
62,36,75
27,36,75
25,63,75
49,17,75
14,63,75
25,36,75
49,13,75
4,36,75
49,11,75
49,53,75
31,27,75
31,61,75
62,61,75
59,61,75
36,27,75
50,21,75
36,52,75
36,4,75
63,14,75
49,14,75
61,14,75
61,15,75
49,15,75
50,15,75
52,15,75
15,52,75
25,52,75
22,52,75
74,67,75
36,67,75
32,25,75
66,25,75
61,25,75
52,25,75
50,25,75
49,25,75
42,25,75
62,25,75
75,37,75
49,22,75
75,38,75
25,42,75
61,59,75
52,22,75
78,59,75
25,66,75
32,70,75
32,75,75
50,22,75
50,20,75
49,20,75
37,75,75
38,75,75
50,8,75
63,25,75
36,25,75
25,32,75
32,7,75
49,18,75
50,19,75
50,31,75
49,31,75
61,31,75
27,31,75
70,32,75
75,32,75
15,50,75
25,50,75
12,50,75
21,50,75
19,50,75
20,50,75
22,50,75
31,50,75
62,50,75
50,12,75
61,12,75
49,12,75
17,49,75
18,49,75
20,49,75
22,49,75
31,49,75
11,49,75
14,49,75
21,49,75
12,49,75
13,49,75
15,49,75
25,49,75
36,49,75
53,49,75
67,74,75
25,61,75
52,22,86
49,20,86
75,38,86
27,75,86
32,75,86
78,59,86
27,38,86
37,75,86
32,70,86
49,22,86
50,22,86
50,8,86
75,37,86
50,20,86
27,77,86
74,67,86
22,52,86
27,67,86
78,52,86
78,60,86
78,58,86
27,52,86
50,27,86
75,27,86
67,27,86
59,78,86
50,21,86
52,27,86
49,78,86
27,36,86
50,78,86
32,27,86
46,27,86
52,78,86
77,27,86
31,27,86
38,27,86
54,78,86
36,27,86
49,13,86
58,78,86
60,78,86
49,21,86
49,27,86
76,27,86
49,53,86
57,78,86
22,50,86
27,50,86
27,76,86
20,50,86
70,32,86
21,50,86
75,32,86
27,32,86
27,46,86
49,18,86
27,31,86
78,50,86
21,49,86
27,49,86
78,54,86
20,49,86
22,49,86
67,74,86
78,57,86
53,49,86
18,49,86
78,49,86
38,75,86
18,49,95
27,49,95
78,54,95
21,49,95
78,49,95
78,57,95
53,49,95
20,49,95
20,50,95
27,50,95
27,76,95
27,46,95
22,50,95
49,18,95
78,50,95
21,50,95
75,32,95
27,32,95
70,32,95
27,31,95
49,27,95
67,27,95
49,21,95
31,27,95
77,27,95
50,27,95
76,27,95
49,78,95
49,53,95
36,27,95
27,36,95
52,27,95
75,27,95
57,78,95
32,27,95
59,78,95
60,78,95
58,78,95
50,21,95
50,78,95
52,78,95
38,27,95
54,78,95
46,27,95
22,52,95
27,77,95
27,52,95
74,67,95
27,67,95
78,60,95
78,58,95
78,52,95
49,22,95
49,20,95
37,75,95
52,22,95
78,59,95
27,38,95
50,8,95
32,70,95
38,75,95
75,38,95
32,75,95
75,37,95
27,75,95
50,20,95
67,74,95
50,20,99
32,70,99
75,38,99
50,22,99
50,8,99
49,22,99
75,37,99
49,20,99
32,75,99
52,22,99
38,75,99
22,52,99
74,67,99
49,21,99
49,53,99
50,78,99
50,21,99
22,50,99
19,50,99
70,32,99
49,18,99
21,50,99
50,19,99
75,32,99
20,50,99
20,49,99
21,49,99
18,49,99
22,49,99
53,49,99
67,74,99
37,75,99
67,74,100
21,49,100
18,49,100
20,49,100
53,49,100
21,50,100
75,32,100
70,32,100
20,50,100
50,19,100
22,50,100
49,18,100
49,21,100
50,21,100
49,53,100
74,67,100
37,75,100
32,70,100
75,38,100
50,22,100
50,8,100
32,75,100
49,20,100
49,22,100
50,20,100
38,75,100
75,37,100
22,49,100
37,75,107
49,20,107
75,38,107
32,70,107
32,75,107
74,67,107
49,53,107
49,18,107
70,32,107
20,50,107
75,32,107
53,49,107
67,74,107
18,49,107
20,49,107
50,20,107
21,49,113
53,49,113
22,49,113
70,32,113
75,32,113
21,50,113
22,50,113
50,21,113
49,21,113
49,53,113
74,67,113
37,75,113
50,8,113
32,75,113
49,22,113
32,70,113
38,75,113
75,37,113
75,38,113
50,22,113
67,74,113
50,8,121
38,75,121
49,22,121
32,75,121
75,38,121
50,22,121
75,37,121
52,22,121
32,70,121
74,67,121
22,52,121
50,21,121
49,53,121
49,21,121
22,50,121
70,32,121
8,50,121
49,18,121
75,32,121
21,50,121
67,74,121
53,49,121
22,49,121
21,49,121
37,75,121
21,49,122
22,49,122
53,49,122
70,32,122
21,50,122
49,18,122
75,32,122
22,50,122
8,50,122
49,53,122
49,21,122
50,21,122
74,67,122
22,52,122
38,75,122
75,37,122
49,22,122
50,22,122
52,22,122
32,70,122
37,75,122
32,75,122
75,38,122
50,8,122
67,74,122
50,22,127
52,22,127
62,25,127
38,75,127
78,59,127
37,75,127
61,59,127
32,75,127
36,25,127
75,38,127
75,37,127
32,70,127
49,20,127
49,22,127
50,8,127
22,52,127
31,52,127
36,67,127
36,4,127
36,52,127
74,67,127
67,36,127
62,36,127
59,78,127
36,62,127
25,62,127
27,36,127
50,36,127
62,61,127
59,61,127
36,27,127
31,27,127
50,21,127
49,21,127
49,36,127
49,53,127
25,36,127
61,62,127
49,62,127
50,62,127
31,61,127
4,36,127
52,36,127
49,31,127
22,50,127
8,50,127
70,32,127
31,50,127
52,31,127
50,31,127
61,31,127
62,50,127
36,50,127
21,50,127
27,31,127
49,18,127
75,32,127
20,50,127
36,49,127
21,49,127
53,49,127
62,49,127
31,49,127
22,49,127
20,49,127
67,74,127
50,20,127
67,32,4
32,7,4
22,50,4
21,50,4
49,18,4
32,50,4
8,50,4
32,46,4
45,46,4
37,44,4
52,44,4
38,44,4
32,44,4
57,44,4
32,30,4
57,32,4
54,32,4
46,32,4
25,32,4
47,32,4
7,32,4
49,32,4
50,32,4
52,32,4
72,32,4
75,32,4
48,50,4
27,32,4
26,32,4
44,32,4
61,32,4
70,32,4
30,32,4
32,61,4
49,53,4
50,21,4
49,21,4
32,27,4
32,71,4
52,22,4
49,22,4
45,38,4
45,37,4
50,22,4
32,70,4
75,38,4
38,75,4
44,38,4
32,75,4
48,38,4
32,25,4
44,37,4
50,8,4
37,75,4
75,37,4
48,35,4
22,52,4
44,52,4
38,45,4
32,52,4
46,45,4
37,45,4
74,67,4
32,67,4
21,49,4
48,49,4
22,49,4
67,74,4
32,26,4
32,72,4
47,68,4
32,47,4
44,57,4
68,47,4
32,57,4
38,48,4
49,48,4
32,54,4
50,48,4
35,48,4
53,49,4
32,49,4
71,32,4
53,49,14
21,49,14
74,67,14
22,52,14
32,70,14
50,22,14
50,8,14
37,75,14
38,75,14
52,22,14
32,75,14
75,38,14
75,37,14
49,21,14
50,21,14
49,53,14
70,32,14
75,32,14
21,50,14
22,50,14
67,74,14
22,50,15
70,32,15
21,50,15
50,21,15
49,21,15
49,53,15
37,75,15
75,37,15
32,70,15
38,75,15
50,8,15
50,22,15
32,75,15
49,22,15
75,38,15
52,22,15
22,52,15
74,67,15
21,49,15
22,49,15
53,49,15
67,74,15
75,32,15
53,49,19
22,49,19
74,67,19
22,52,19
50,22,19
37,75,19
50,8,19
75,38,19
38,75,19
32,75,19
32,70,19
52,22,19
75,37,19
49,22,19
50,21,19
49,53,19
49,21,19
75,32,19
21,50,19
70,32,19
22,50,19
67,74,19
75,32,22
49,53,22
75,37,22
32,75,22
32,70,22
37,75,22
38,75,22
75,38,22
74,67,22
53,49,22
67,74,22
70,32,22
36,49,25
53,49,25
24,49,25
78,57,25
78,49,25
67,74,25
2,49,25
36,67,25
36,4,25
78,60,25
78,58,25
74,67,25
78,52,25
36,52,25
78,59,25
38,75,25
75,37,25
32,75,25
75,38,25
32,70,25
37,75,25
4,36,25
27,36,25
36,27,25
49,24,25
50,24,25
57,78,25
54,78,25
49,78,25
59,78,25
60,78,25
58,78,25
36,62,25
52,78,25
50,78,25
49,53,25
50,36,25
52,36,25
49,36,25
62,36,25
67,36,25
49,2,25
70,32,25
75,32,25
36,50,25
24,50,25
78,50,25
78,54,25
22,50,42
32,7,42
78,50,42
49,18,42
12,50,42
50,19,42
75,32,42
36,50,42
20,50,42
19,50,42
21,50,42
50,78,42
61,11,42
49,13,42
49,17,42
50,21,42
49,21,42
36,27,42
77,27,42
27,36,42
67,36,42
4,36,42
25,36,42
52,36,42
62,36,42
49,36,42
50,36,42
12,61,42
15,61,42
11,61,42
14,61,42
36,62,42
14,63,42
60,78,42
58,78,42
54,78,42
57,78,42
49,78,42
52,78,42
59,78,42
49,11,42
32,75,42
50,20,42
49,20,42
38,75,42
52,22,42
49,22,42
50,22,42
36,25,42
77,37,42
75,37,42
37,75,42
75,38,42
78,59,42
77,65,42
55,77,42
36,4,42
63,14,42
49,14,42
61,14,42
61,15,42
49,15,42
50,15,42
52,15,42
15,52,42
36,52,42
77,52,42
22,52,42
78,52,42
78,58,42
78,60,42
77,60,42
36,67,42
57,77,42
60,77,42
54,77,42
64,77,42
65,77,42
26,77,42
52,77,42
37,77,42
27,77,42
49,12,42
50,12,42
61,12,42
77,26,42
17,49,42
18,49,42
20,49,42
22,49,42
78,49,42
11,49,42
14,49,42
21,49,42
12,49,42
13,49,42
15,49,42
36,49,42
77,54,42
78,54,42
77,55,42
77,57,42
78,57,42
77,64,42
15,50,42
13,49,49
15,49,49
67,74,49
11,49,49
14,49,49
49,12,49
22,49,49
61,12,49
21,49,49
50,12,49
20,49,49
53,49,49
17,49,49
12,49,49
74,67,49
61,15,49
49,15,49
15,52,49
49,14,49
50,15,49
61,14,49
63,14,49
22,52,49
52,15,49
38,75,49
50,8,49
50,22,49
52,22,49
49,20,49
50,20,49
75,37,49
75,38,49
32,70,49
37,75,49
49,22,49
32,75,49
15,61,49
12,61,49
14,63,49
49,53,49
49,21,49
49,11,49
50,21,49
49,13,49
61,11,49
49,17,49
14,61,49
11,61,49
49,18,49
32,7,49
50,19,49
19,50,49
15,50,49
12,50,49
21,50,49
70,32,49
75,32,49
20,50,49
22,50,49
18,49,49
21,50,71
20,50,71
12,50,71
70,32,71
50,19,71
32,7,71
49,18,71
75,32,71
22,50,71
19,50,71
61,11,71
49,17,71
12,61,71
14,61,71
49,53,71
11,61,71
15,61,71
49,21,71
49,13,71
50,21,71
14,63,71
49,11,71
50,20,71
52,22,71
38,75,71
32,75,71
32,70,71
50,22,71
50,8,71
49,20,71
75,37,71
49,22,71
50,15,71
61,14,71
49,14,71
22,52,71
52,15,71
63,14,71
74,67,71
61,15,71
15,52,71
49,15,71
17,49,71
12,49,71
15,49,71
53,49,71
13,49,71
22,49,71
20,49,71
21,49,71
50,12,71
11,49,71
67,74,71
49,12,71
14,49,71
61,12,71
18,49,71
15,50,71
78,49,87
18,49,87
67,74,87
21,49,87
27,49,87
78,54,87
78,57,87
20,49,87
22,49,87
74,67,87
78,52,87
78,58,87
27,77,87
27,67,87
27,52,87
78,60,87
32,75,87
75,38,87
50,8,87
75,37,87
27,38,87
78,59,87
37,75,87
49,22,87
38,75,87
50,22,87
50,20,87
32,70,87
27,75,87
49,20,87
36,27,87
67,27,87
77,27,87
27,36,87
54,78,87
59,78,87
50,78,87
49,53,87
49,21,87
49,78,87
52,78,87
57,78,87
60,78,87
58,78,87
31,27,87
38,27,87
49,27,87
50,27,87
52,27,87
75,27,87
32,27,87
50,21,87
76,27,87
46,27,87
27,31,87
70,32,87
21,50,87
78,50,87
20,50,87
75,32,87
27,76,87
49,18,87
27,32,87
27,46,87
27,50,87
22,50,87
53,49,87
78,50,90
27,50,90
27,76,90
21,50,90
70,32,90
22,50,90
27,31,90
20,50,90
27,32,90
27,46,90
50,78,90
59,78,90
54,78,90
27,36,90
52,27,90
36,27,90
57,78,90
77,27,90
52,78,90
75,27,90
60,78,90
67,27,90
50,21,90
31,27,90
32,27,90
38,27,90
46,27,90
49,27,90
58,78,90
49,21,90
50,27,90
49,53,90
49,78,90
76,27,90
49,22,90
38,75,90
75,37,90
37,75,90
52,22,90
50,22,90
50,20,90
49,20,90
50,8,90
75,38,90
27,38,90
32,75,90
78,59,90
32,70,90
27,75,90
74,67,90
22,52,90
78,52,90
78,58,90
78,60,90
27,67,90
27,77,90
27,52,90
78,54,90
22,49,90
78,57,90
67,74,90
21,49,90
53,49,90
20,49,90
78,49,90
27,49,90
75,32,90
53,49,96
67,74,96
20,49,96
74,67,96
49,20,96
50,20,96
32,70,96
37,75,96
75,37,96
32,75,96
38,75,96
75,38,96
49,53,96
20,50,96
49,18,96
70,32,96
75,32,96
18,49,96
75,32,101
22,50,101
70,32,101
21,50,101
49,18,101
49,53,101
49,21,101
50,21,101
50,8,101
50,20,101
49,20,101
50,22,101
52,22,101
49,22,101
75,37,101
75,38,101
32,70,101
32,75,101
37,75,101
38,75,101
74,67,101
22,52,101
21,49,101
18,49,101
20,49,101
53,49,101
22,49,101
67,74,101
20,50,101
22,49,114
21,49,114
53,49,114
74,67,114
22,52,114
38,75,114
52,22,114
50,22,114
50,8,114
75,38,114
32,75,114
37,75,114
75,37,114
32,70,114
49,22,114
49,21,114
49,53,114
50,21,114
75,32,114
21,50,114
22,50,114
70,32,114
67,74,114
22,50,128
75,32,128
21,50,128
70,32,128
8,50,128
49,21,128
49,53,128
50,21,128
32,70,128
75,38,128
52,22,128
32,75,128
75,37,128
38,75,128
50,8,128
49,22,128
50,22,128
37,75,128
22,52,128
74,67,128
67,74,128
21,49,128
22,49,128
53,49,128
49,18,128
22,49,132
48,49,132
32,49,132
53,49,132
38,48,132
32,54,132
35,48,132
49,48,132
67,74,132
50,48,132
32,57,132
21,49,132
44,57,132
68,47,132
32,47,132
47,68,132
32,72,132
22,52,132
32,67,132
46,45,132
44,52,132
74,67,132
37,45,132
32,52,132
38,45,132
48,35,132
37,75,132
38,75,132
75,38,132
32,71,132
32,70,132
45,38,132
32,25,132
75,37,132
44,38,132
50,8,132
49,22,132
32,75,132
50,22,132
44,37,132
52,22,132
48,38,132
45,37,132
50,21,132
32,61,132
49,53,132
32,27,132
49,21,132
71,32,132
61,32,132
47,32,132
75,32,132
27,32,132
44,32,132
26,32,132
72,32,132
52,32,132
50,32,132
70,32,132
49,32,132
7,32,132
25,32,132
46,32,132
32,30,132
54,32,132
57,32,132
32,44,132
57,44,132
38,44,132
52,44,132
37,44,132
45,46,132
32,46,132
8,50,132
32,50,132
21,50,132
49,18,132
32,7,132
22,50,132
48,50,132
67,32,132
30,32,132
32,26,132
38,44,136
52,44,136
57,44,136
32,44,136
57,32,136
32,30,136
54,32,136
46,32,136
67,32,136
32,7,136
25,32,136
70,32,136
7,32,136
49,32,136
52,32,136
72,32,136
44,32,136
75,32,136
47,32,136
30,32,136
22,50,136
27,32,136
71,32,136
48,50,136
61,32,136
49,18,136
21,50,136
8,50,136
32,46,136
37,44,136
32,61,136
49,53,136
50,21,136
32,27,136
49,21,136
32,70,136
45,38,136
32,75,136
75,38,136
44,38,136
48,38,136
75,37,136
37,75,136
44,37,136
45,37,136
32,25,136
49,22,136
50,22,136
52,22,136
50,8,136
38,75,136
32,71,136
32,67,136
74,67,136
37,45,136
46,45,136
22,52,136
44,52,136
38,45,136
48,35,136
32,52,136
32,57,136
21,49,136
38,48,136
35,48,136
53,49,136
50,48,136
32,54,136
49,48,136
67,74,136
32,49,136
68,47,136
44,57,136
32,47,136
47,68,136
32,72,136
48,49,136
22,49,136
45,46,136
62,25,2
50,22,2
27,75,2
37,75,2
49,20,2
38,75,2
50,20,2
32,75,2
54,75,2
32,71,2
32,70,2
25,66,2
78,59,2
61,59,2
25,42,2
75,38,2
75,37,2
52,22,2
49,22,2
63,25,2
66,25,2
32,25,2
36,25,2
61,25,2
42,25,2
26,32,2
7,32,2
44,32,2
62,50,2
36,50,2
32,50,2
49,32,2
67,32,2
30,32,2
32,30,2
27,32,2
54,32,2
31,50,2
57,32,2
52,32,2
32,7,2
20,50,2
32,44,2
49,31,2
49,10,2
52,31,2
50,32,2
50,31,2
46,32,2
22,50,2
49,18,2
72,32,2
47,32,2
3,50,2
25,32,2
75,32,2
71,32,2
61,32,2
27,31,2
16,50,2
61,31,2
32,46,2
70,32,2
32,27,2
50,16,2
49,16,2
75,27,2
50,62,2
49,62,2
25,62,2
36,62,2
61,62,2
50,3,2
32,61,2
25,61,2
59,61,2
62,61,2
31,61,2
59,78,2
31,27,2
49,1,2
50,36,2
52,36,2
49,36,2
62,36,2
25,36,2
4,36,2
67,36,2
27,36,2
36,27,2
25,63,2
36,4,2
32,67,2
25,52,2
22,52,2
32,52,2
31,52,2
36,67,2
36,52,2
32,26,2
10,49,2
32,54,2
62,49,2
18,49,2
22,49,2
32,47,2
16,49,2
1,49,2
31,49,2
32,57,2
36,49,2
75,54,2
32,49,2
20,49,2
32,72,2
52,25,2
38,48,5
49,48,5
32,72,5
50,48,5
35,48,5
47,68,5
44,57,5
32,57,5
22,49,5
21,49,5
32,54,5
48,49,5
53,49,5
67,74,5
32,49,5
32,26,5
32,47,5
46,45,5
37,45,5
38,45,5
48,35,5
32,67,5
44,52,5
74,67,5
22,52,5
32,52,5
50,21,5
32,61,5
49,53,5
32,27,5
49,21,5
38,44,5
27,32,5
50,32,5
70,32,5
71,32,5
67,32,5
30,32,5
52,32,5
22,50,5
49,18,5
72,32,5
75,32,5
7,32,5
44,32,5
49,32,5
46,32,5
32,30,5
54,32,5
32,7,5
8,50,5
57,32,5
32,44,5
21,50,5
32,46,5
47,32,5
45,46,5
25,32,5
48,50,5
61,32,5
57,44,5
37,44,5
52,44,5
44,37,5
32,71,5
32,70,5
52,22,5
45,37,5
32,25,5
45,38,5
75,38,5
49,22,5
44,38,5
50,22,5
48,38,5
50,8,5
37,75,5
38,75,5
75,37,5
32,75,5
68,47,5
50,22,6
32,75,6
50,8,6
38,75,6
52,22,6
49,22,6
32,70,6
37,75,6
75,38,6
21,50,6
70,32,6
75,32,6
22,50,6
50,21,6
49,53,6
22,52,6
74,67,6
53,49,6
67,74,6
22,49,6
75,37,6
38,75,23
32,75,23
75,37,23
75,38,23
37,75,23
75,32,23
70,32,23
49,53,23
53,49,23
67,74,23
74,67,23
32,70,23
49,20,28
50,20,28
52,22,28
49,22,28
50,22,28
42,25,28
52,25,28
62,25,28
61,25,28
36,25,28
66,25,28
32,25,28
63,25,28
77,37,28
61,37,28
45,37,28
43,37,28
44,37,28
49,37,28
50,37,28
75,37,28
75,38,28
25,42,28
37,43,28
25,66,28
32,70,28
32,75,28
37,75,28
38,75,28
49,7,28
25,32,28
6,50,28
52,7,28
32,7,28
24,50,28
49,18,28
37,50,28
21,50,28
15,50,28
50,19,28
7,50,28
12,50,28
61,7,28
19,50,28
37,44,28
70,32,28
50,7,28
20,50,28
5,50,28
22,50,28
75,32,28
7,32,28
25,36,28
50,24,28
49,24,28
49,23,28
49,17,28
50,21,28
14,63,28
25,62,28
14,61,28
49,21,28
25,63,28
37,61,28
11,61,28
12,61,28
49,11,28
15,61,28
25,61,28
7,61,28
49,53,28
61,11,28
49,13,28
63,14,28
25,52,28
49,14,28
61,14,28
61,15,28
74,67,28
50,15,28
52,15,28
37,77,28
49,15,28
37,45,28
22,52,28
7,52,28
15,52,28
18,49,28
22,49,28
20,49,28
50,12,28
50,6,28
53,49,28
61,12,28
23,49,28
15,49,28
13,49,28
12,49,28
7,49,28
37,49,28
49,12,28
6,49,28
17,49,28
49,6,28
24,49,28
21,49,28
14,49,28
11,49,28
67,74,28
50,5,28
62,25,32
61,25,32
36,25,32
66,25,32
32,25,32
63,25,32
49,22,32
77,37,32
61,37,32
45,37,32
43,37,32
52,22,32
38,75,32
44,37,32
49,37,32
50,37,32
75,37,32
75,38,32
25,42,32
37,43,32
61,59,32
78,59,32
77,65,32
25,66,32
50,5,32
50,20,32
32,75,32
37,75,32
49,20,32
50,22,32
42,25,32
52,25,32
49,25,32
37,44,32
27,31,32
61,31,32
52,31,32
49,31,32
12,50,32
7,50,32
50,31,32
49,7,32
62,50,32
50,19,32
15,50,32
22,50,32
75,32,32
7,32,32
21,50,32
36,50,32
25,50,32
61,7,32
37,50,32
52,7,32
5,50,32
78,50,32
49,18,32
32,7,32
24,50,32
19,50,32
6,50,32
25,32,32
20,50,32
31,50,32
50,7,32
50,78,32
49,17,32
50,21,32
49,21,32
49,23,32
49,24,32
50,24,32
31,27,32
49,13,32
36,27,32
77,27,32
27,36,32
67,36,32
4,36,32
25,36,32
62,36,32
49,36,32
52,36,32
61,11,32
50,36,32
62,61,32
31,61,32
59,61,32
7,61,32
25,61,32
15,61,32
49,11,32
12,61,32
11,61,32
37,61,32
14,61,32
61,62,32
25,62,32
36,62,32
49,62,32
50,62,32
25,63,32
14,63,32
58,78,32
60,78,32
54,78,32
57,78,32
52,78,32
59,78,32
49,78,32
14,49,32
50,6,32
49,12,32
50,12,32
61,12,32
77,26,32
6,49,32
17,49,32
18,49,32
20,49,32
22,49,32
31,49,32
62,49,32
78,49,32
11,49,32
49,6,32
21,49,32
24,49,32
37,49,32
7,49,32
12,49,32
13,49,32
15,49,32
23,49,32
25,49,32
36,49,32
77,54,32
78,54,32
77,55,32
77,57,32
78,57,32
77,64,32
37,77,32
36,67,32
36,4,32
63,14,32
77,52,32
65,77,32
25,52,32
50,15,32
27,77,32
77,60,32
78,60,32
78,58,32
78,52,32
7,52,32
52,15,32
36,52,32
57,77,32
31,52,32
26,77,32
15,52,32
49,15,32
55,77,32
22,52,32
52,77,32
60,77,32
54,77,32
64,77,32
37,45,32
61,14,32
49,14,32
61,15,32
50,25,32
22,52,55
61,14,55
50,15,55
61,15,55
63,14,55
15,52,55
49,14,55
49,15,55
52,15,55
67,74,55
61,12,55
12,49,55
14,49,55
22,49,55
11,49,55
18,49,55
15,49,55
49,12,55
20,49,55
50,12,55
17,49,55
21,49,55
13,49,55
53,49,55
50,21,55
14,61,55
49,17,55
49,13,55
15,61,55
49,53,55
49,11,55
11,61,55
12,61,55
49,21,55
14,63,55
61,11,55
50,19,55
19,50,55
49,18,55
20,50,55
75,32,55
22,50,55
12,50,55
70,32,55
15,50,55
32,7,55
21,50,55
50,22,55
37,75,55
32,70,55
50,20,55
49,20,55
52,22,55
49,22,55
38,75,55
32,75,55
75,37,55
75,38,55
74,67,55
32,75,62
32,70,62
50,20,62
37,75,62
50,22,62
52,22,62
75,38,62
49,20,62
38,75,62
75,37,62
21,50,62
32,7,62
49,18,62
50,19,62
70,32,62
75,32,62
22,50,62
20,50,62
12,50,62
15,50,62
19,50,62
11,61,62
50,21,62
12,61,62
14,63,62
49,11,62
49,13,62
15,61,62
14,61,62
49,21,62
49,17,62
49,53,62
61,11,62
12,49,62
67,74,62
49,12,62
20,49,62
50,12,62
53,49,62
61,12,62
11,49,62
15,49,62
13,49,62
22,49,62
14,49,62
18,49,62
17,49,62
21,49,62
74,67,62
15,52,62
61,15,62
49,14,62
22,52,62
50,15,62
61,14,62
63,14,62
52,15,62
49,15,62
49,22,62
63,14,65
49,14,65
61,14,65
61,15,65
49,15,65
50,15,65
52,15,65
22,52,65
74,67,65
15,49,65
20,49,65
14,49,65
21,49,65
53,49,65
67,74,65
12,49,65
17,49,65
22,49,65
18,49,65
11,49,65
13,49,65
49,12,65
50,12,65
61,12,65
49,17,65
49,53,65
49,13,65
49,21,65
11,61,65
15,61,65
50,21,65
14,61,65
49,11,65
12,61,65
14,63,65
61,11,65
19,50,65
21,50,65
20,50,65
15,50,65
50,19,65
75,32,65
12,50,65
70,32,65
32,7,65
49,18,65
22,50,65
37,75,65
50,20,65
49,20,65
32,75,65
75,38,65
49,22,65
75,37,65
50,22,65
50,8,65
52,22,65
32,70,65
38,75,65
15,52,65
49,22,72
52,22,72
50,8,72
75,37,72
37,75,72
49,20,72
32,75,72
32,70,72
38,75,72
50,20,72
75,38,72
12,50,72
70,32,72
32,7,72
20,50,72
75,32,72
22,50,72
19,50,72
50,19,72
21,50,72
15,50,72
49,18,72
49,21,72
49,13,72
11,61,72
12,61,72
15,61,72
50,21,72
61,11,72
49,53,72
14,61,72
49,11,72
49,17,72
14,63,72
22,49,72
11,49,72
17,49,72
49,12,72
14,49,72
21,49,72
12,49,72
13,49,72
67,74,72
15,49,72
61,12,72
53,49,72
50,12,72
20,49,72
18,49,72
50,15,72
52,15,72
22,52,72
63,14,72
61,14,72
61,15,72
49,14,72
15,52,72
49,15,72
74,67,72
50,22,72
36,52,76
15,52,76
22,52,76
52,15,76
31,52,76
50,15,76
49,15,76
36,4,76
74,67,76
61,15,76
36,67,76
61,14,76
49,14,76
63,14,76
20,49,76
49,12,76
25,49,76
15,49,76
31,49,76
50,12,76
67,74,76
53,49,76
21,49,76
14,49,76
17,49,76
62,49,76
18,49,76
13,49,76
12,49,76
61,12,76
36,49,76
22,49,76
11,49,76
27,36,76
49,13,76
25,63,76
67,36,76
4,36,76
25,36,76
49,36,76
14,63,76
62,36,76
49,53,76
49,17,76
61,11,76
62,61,76
59,61,76
31,61,76
15,61,76
25,61,76
49,21,76
12,61,76
14,61,76
11,61,76
59,78,76
61,62,76
25,62,76
36,62,76
49,11,76
50,62,76
50,21,76
49,62,76
31,27,76
50,19,76
12,50,76
25,50,76
15,50,76
49,31,76
49,18,76
25,32,76
52,31,76
20,50,76
32,7,76
19,50,76
27,31,76
70,32,76
22,50,76
50,31,76
75,32,76
61,31,76
31,50,76
62,50,76
21,50,76
42,25,76
50,8,76
52,22,76
62,25,76
75,37,76
52,25,76
75,38,76
25,42,76
50,22,76
78,59,76
61,59,76
25,66,76
32,70,76
49,25,76
50,20,76
32,75,76
37,75,76
50,25,76
49,22,76
61,25,76
36,25,76
49,20,76
66,25,76
32,25,76
63,25,76
38,75,76
25,52,76
32,75,79
50,20,79
32,70,79
38,75,79
37,75,79
49,22,79
52,22,79
50,22,79
75,37,79
49,20,79
75,32,79
21,50,79
19,50,79
70,32,79
22,50,79
15,50,79
50,19,79
49,18,79
12,50,79
32,7,79
20,50,79
52,7,79
49,53,79
15,61,79
49,17,79
49,11,79
11,61,79
14,63,79
12,61,79
49,21,79
49,13,79
50,21,79
14,61,79
61,11,79
21,49,79
18,49,79
12,49,79
14,49,79
13,49,79
11,49,79
15,49,79
67,74,79
61,12,79
17,49,79
53,49,79
49,12,79
50,12,79
22,49,79
20,49,79
61,15,79
74,67,79
52,15,79
49,15,79
22,52,79
49,14,79
50,15,79
63,14,79
15,52,79
61,14,79
75,38,79
31,52,84
52,15,84
50,15,84
49,15,84
25,52,84
15,52,84
74,67,84
36,4,84
61,15,84
61,14,84
36,67,84
63,14,84
22,52,84
36,52,84
12,49,84
61,12,84
67,74,84
53,49,84
14,49,84
21,49,84
20,49,84
18,49,84
15,49,84
25,49,84
13,49,84
22,49,84
11,49,84
17,49,84
62,49,84
36,49,84
31,49,84
49,12,84
50,12,84
15,61,84
31,61,84
62,61,84
59,61,84
14,61,84
49,53,84
14,63,84
62,36,84
50,36,84
11,61,84
49,36,84
61,62,84
36,27,84
52,36,84
49,13,84
25,62,84
36,62,84
49,11,84
59,78,84
50,21,84
25,36,84
50,62,84
49,62,84
27,36,84
31,27,84
25,63,84
4,36,84
67,36,84
25,61,84
49,17,84
12,61,84
61,11,84
49,21,84
20,50,84
75,32,84
22,50,84
70,32,84
31,50,84
27,31,84
19,50,84
61,31,84
50,31,84
52,31,84
49,31,84
36,50,84
50,19,84
15,50,84
25,50,84
12,50,84
49,18,84
62,50,84
32,7,84
21,50,84
38,75,84
61,59,84
49,22,84
78,59,84
42,25,84
52,22,84
32,70,84
50,20,84
32,75,84
49,20,84
75,37,84
52,25,84
37,75,84
50,25,84
63,25,84
36,25,84
61,25,84
50,22,84
66,25,84
62,25,84
75,38,84
25,42,84
49,14,84
62,25,88
50,22,88
50,20,88
32,70,88
75,37,88
25,42,88
78,59,88
75,38,88
52,22,88
50,25,88
42,25,88
37,75,88
32,25,88
36,25,88
27,38,88
49,20,88
63,25,88
49,22,88
25,66,88
50,8,88
61,25,88
32,75,88
27,75,88
38,75,88
66,25,88
27,76,88
49,18,88
27,31,88
70,32,88
27,32,88
75,32,88
25,32,88
27,46,88
25,50,88
27,50,88
21,50,88
20,50,88
22,50,88
78,50,88
49,21,88
25,36,88
76,27,88
25,63,88
57,78,88
50,21,88
25,61,88
59,78,88
52,78,88
58,78,88
60,78,88
36,27,88
31,27,88
50,78,88
38,27,88
49,53,88
49,27,88
27,36,88
50,27,88
54,78,88
52,27,88
25,62,88
75,27,88
32,27,88
67,27,88
77,27,88
49,78,88
46,27,88
53,49,88
25,49,88
27,49,88
67,74,88
21,49,88
78,57,88
22,49,88
20,49,88
78,49,88
78,54,88
18,49,88
27,52,88
78,60,88
78,58,88
27,77,88
78,52,88
27,67,88
74,67,88
22,52,88
49,25,88
74,67,102
18,49,102
67,74,102
20,49,102
21,49,102
22,49,102
53,49,102
50,21,102
49,24,102
49,21,102
49,53,102
49,18,102
75,32,102
21,50,102
20,50,102
70,32,102
22,50,102
32,70,102
37,75,102
49,20,102
75,37,102
49,22,102
50,22,102
50,20,102
50,8,102
32,75,102
52,22,102
38,75,102
75,38,102
22,52,102
32,75,115
32,70,115
52,22,115
49,22,115
75,38,115
75,37,115
37,75,115
50,8,115
22,50,115
21,50,115
70,32,115
75,32,115
49,53,115
50,21,115
53,49,115
67,74,115
74,67,115
22,52,115
38,75,115
38,45,133
48,35,133
74,67,133
46,45,133
32,52,133
37,45,133
32,67,133
44,52,133
32,72,133
32,47,133
35,48,133
47,68,133
21,49,133
68,47,133
50,48,133
53,49,133
32,54,133
48,49,133
67,74,133
32,57,133
44,57,133
38,48,133
22,49,133
49,48,133
32,26,133
32,49,133
50,21,133
49,53,133
32,61,133
49,21,133
32,27,133
21,50,133
8,50,133
45,46,133
32,46,133
37,44,133
52,44,133
38,44,133
57,44,133
32,44,133
57,32,133
54,32,133
46,32,133
25,32,133
7,32,133
49,32,133
50,32,133
52,32,133
72,32,133
26,32,133
44,32,133
75,32,133
47,32,133
61,32,133
71,32,133
32,7,133
22,50,133
30,32,133
67,32,133
27,32,133
48,50,133
70,32,133
32,30,133
49,18,133
32,50,133
50,22,133
75,37,133
32,25,133
32,75,133
37,75,133
44,37,133
32,71,133
38,75,133
45,38,133
50,8,133
49,22,133
44,38,133
45,37,133
52,22,133
32,70,133
48,38,133
75,38,133
22,52,133
37,75,138
38,75,138
32,75,138
75,37,138
49,18,138
75,32,138
18,49,138
75,38,138
69,67,1
69,67,2
69,67,3
69,67,4
69,67,5
69,67,6
69,67,7
69,67,8
69,67,9
69,67,10
69,67,11
69,67,12
69,67,13
69,67,14
69,67,15
69,67,16
69,67,17
69,67,18
69,67,19
69,67,20
69,67,21
69,67,22
69,67,23
69,67,24
69,67,25
69,67,26
69,67,27
69,67,28
69,67,29
69,67,30
69,67,31
69,67,32
69,67,33
69,67,34
69,67,35
69,67,36
69,67,37
69,67,38
69,67,39
69,67,40
69,67,41
69,67,42
69,67,47
69,67,48
69,67,49
69,67,50
69,67,51
69,67,52
69,67,53
69,67,54
69,67,55
69,67,56
69,67,57
69,67,58
69,67,59
69,67,60
69,67,61
69,67,62
69,67,63
69,67,64
69,67,65
69,67,66
69,67,67
69,67,68
69,67,69
69,67,70
69,67,71
69,67,72
69,67,73
69,67,74
69,67,75
69,67,76
69,67,77
69,67,78
69,67,79
69,67,80
69,67,81
69,67,82
69,67,83
69,67,84
69,67,85
69,67,86
69,67,87
69,67,88
69,67,89
69,67,90
69,67,91
69,67,92
69,67,93
69,67,94
69,67,95
69,67,96
69,67,97
69,67,98
69,67,99
69,67,100
69,67,101
69,67,102
69,67,103
69,67,104
69,67,105
69,67,106
69,67,107
69,67,108
69,67,109
69,67,110
69,67,111
69,67,112
69,67,113
69,67,114
69,67,115
69,67,116
69,67,117
69,67,118
69,67,119
69,67,120
69,67,121
69,67,122
69,67,123
69,67,124
69,67,125
69,67,126
69,67,127
69,67,128
69,67,129
69,67,130
69,67,131
69,67,132
69,67,133
69,67,134
69,67,135
69,67,136
69,67,137
69,67,138
69,67,139
69,67,140
69,67,141
69,67,142
67,69,1
67,69,2
67,69,3
67,69,4
67,69,5
67,69,6
67,69,7
67,69,8
67,69,9
67,69,10
67,69,11
67,69,12
67,69,13
67,69,14
67,69,15
67,69,16
67,69,17
67,69,18
67,69,19
67,69,20
67,69,21
67,69,22
67,69,23
67,69,24
67,69,25
67,69,26
67,69,27
67,69,28
67,69,29
67,69,30
67,69,31
67,69,32
67,69,33
67,69,34
67,69,35
67,69,36
67,69,37
67,69,38
67,69,39
67,69,40
67,69,41
67,69,42
67,69,47
67,69,48
67,69,49
67,69,50
67,69,51
67,69,52
67,69,53
67,69,54
67,69,55
67,69,56
67,69,57
67,69,58
67,69,59
67,69,60
67,69,61
67,69,62
67,69,63
67,69,64
67,69,65
67,69,66
67,69,67
67,69,68
67,69,69
67,69,70
67,69,71
67,69,72
67,69,73
67,69,74
67,69,75
67,69,76
67,69,77
67,69,78
67,69,79
67,69,80
67,69,81
67,69,82
67,69,83
67,69,84
67,69,85
67,69,86
67,69,87
67,69,88
67,69,89
67,69,90
67,69,91
67,69,92
67,69,93
67,69,94
67,69,95
67,69,96
67,69,97
67,69,98
67,69,99
67,69,100
67,69,101
67,69,102
67,69,103
67,69,104
67,69,105
67,69,106
67,69,107
67,69,108
67,69,109
67,69,110
67,69,111
67,69,112
67,69,113
67,69,114
67,69,115
67,69,116
67,69,117
67,69,118
67,69,119
67,69,120
67,69,121
67,69,122
67,69,123
67,69,124
67,69,125
67,69,126
67,69,127
67,69,128
67,69,129
67,69,130
67,69,131
67,69,132
67,69,133
67,69,134
67,69,135
67,69,136
67,69,137
67,69,138
67,69,139
67,69,140
67,69,141
67,69,142
